{"event":[{"query":{"id":[{"timestamp_usec":"1435684848761392"}],"query_text":"34.052234, -118.243684"}},{"query":{"id":[{"timestamp_usec":"1435639513861489"}],"query_text":"337 E 1st St Los Angeles, California 90012"}},{"query":{"id":[{"timestamp_usec":"1435166219832108"}],"query_text":"illumination foundation"}},{"query":{"id":[{"timestamp_usec":"1435166194914132"}],"query_text":"jsonline"}},{"query":{"id":[{"timestamp_usec":"1435053024530166"}],"query_text":"what is my ip"}},{"query":{"id":[{"timestamp_usec":"1435049128707795"}],"query_text":"Los Angeles, CA"}},{"query":{"id":[{"timestamp_usec":"1435049064979857"}],"query_text":"34.052234,-118.243684"}},{"query":{"id":[{"timestamp_usec":"1435044151665687"},{"timestamp_usec":"1435044152636573"},{"timestamp_usec":"1435044169374903"},{"timestamp_usec":"1435044186843511"}],"query_text":"87a2c7d139bf3f348b8fa8697b42459826a0de811655bd0e6ab65ade803309d"}},{"query":{"id":[{"timestamp_usec":"1434911899064747"},{"timestamp_usec":"1434911922316458"}],"query_text":"vault"}},{"query":{"id":[{"timestamp_usec":"1434908791838131"}],"query_text":"34.077649, -118.212099"}},{"query":{"id":[{"timestamp_usec":"1434908740479324"},{"timestamp_usec":"1434908746730618"}],"query_text":"34.077469, -118.211880"}},{"query":{"id":[{"timestamp_usec":"1434879717512220"}],"query_text":"i'm the iceland place"}},{"query":{"id":[{"timestamp_usec":"1434879352251941"},{"timestamp_usec":"1434879479681884"},{"timestamp_usec":"1434879504466469"},{"timestamp_usec":"1434879593698784"},{"timestamp_usec":"1434879603124226"},{"timestamp_usec":"1434879632781146"},{"timestamp_usec":"1434879640491827"},{"timestamp_usec":"1434879651991030"}],"query_text":"Login"}},{"query":{"id":[{"timestamp_usec":"1434877613492465"},{"timestamp_usec":"1434877628159672"}],"query_text":"what is my ip"}},{"query":{"id":[{"timestamp_usec":"1434842571689063"}],"query_text":"I'm the Iceland place"}},{"query":{"id":[{"timestamp_usec":"1434768235835005"},{"timestamp_usec":"1434768243965198"}],"query_text":"I'm the Iceland place"}},{"query":{"id":[{"timestamp_usec":"1434455071285815"}],"query_text":"34.034251, -118.266808"}},{"query":{"id":[{"timestamp_usec":"1434443859285640"}],"query_text":"34.052234, -118.243684"}},{"query":{"id":[{"timestamp_usec":"1434443574424919"}],"query_text":"(Current Location) -> 11146 Downey Ave, Downey, CA 90241"}},{"query":{"id":[{"timestamp_usec":"1434421898740507"}],"query_text":"(Current Location) -> 4235 Monterey Rd\nLos Angeles, California 90032"}},{"query":{"id":[{"timestamp_usec":"1434273316244645"}],"query_text":"Los Angeles, CA United States"}},{"query":{"id":[{"timestamp_usec":"1433614069329335"}],"query_text":"boostmobile"}},{"query":{"id":[{"timestamp_usec":"1433614008520332"}],"query_text":"hangouts app"}},{"query":{"id":[{"timestamp_usec":"1433613989600623"}],"query_text":"hangouts"}},{"query":{"id":[{"timestamp_usec":"1433561358382001"}],"query_text":"clash of clans"}},{"query":{"id":[{"timestamp_usec":"1433538133645251"},{"timestamp_usec":"1433538373074596"},{"timestamp_usec":"1433538400248638"},{"timestamp_usec":"1433538425008931"},{"timestamp_usec":"1433538438488909"},{"timestamp_usec":"1433538455518753"},{"timestamp_usec":"1433538466829187"}],"query_text":"soccer pads for sell for cheap"}},{"query":{"id":[{"timestamp_usec":"1433538080993368"},{"timestamp_usec":"1433538082975724"}],"query_text":"soccer pads for sell"}},{"query":{"id":[{"timestamp_usec":"1433538078543156"}],"query_text":"soccer pads for slel"}},{"query":{"id":[{"timestamp_usec":"1433538060708154"}],"query_text":"soccer pads"}},{"query":{"id":[{"timestamp_usec":"1433537941405869"},{"timestamp_usec":"1433537949807615"},{"timestamp_usec":"1433537956621154"},{"timestamp_usec":"1433537968210113"},{"timestamp_usec":"1433537991190349"},{"timestamp_usec":"1433537996750030"},{"timestamp_usec":"1433538006461804"},{"timestamp_usec":"1433538007016839"},{"timestamp_usec":"1433538011518270"},{"timestamp_usec":"1433538020849106"},{"timestamp_usec":"1433538031728229"},{"timestamp_usec":"1433538033173038"}],"query_text":"soccer pass clip art"}},{"query":{"id":[{"timestamp_usec":"1433537919340215"}],"query_text":"soccer pass"}},{"query":{"id":[{"timestamp_usec":"1433537906668791"}],"query_text":"soocr pase"}},{"query":{"id":[{"timestamp_usec":"1433537868329707"},{"timestamp_usec":"1433537870869138"}],"query_text":"Google"}},{"query":{"id":[{"timestamp_usec":"1433534284140928"}],"query_text":"Western union"}},{"query":{"id":[{"timestamp_usec":"1433529135437000"}],"query_text":"movietube free app"}},{"query":{"id":[{"timestamp_usec":"1433351450699000"},{"timestamp_usec":"1433351451828000"}],"query_text":"get deleted messages back"}},{"query":{"id":[{"timestamp_usec":"1433349944234000"},{"timestamp_usec":"1433351449175000"}],"query_text":"how to get deleted text messages back"}},{"query":{"id":[{"timestamp_usec":"1433349636453000"},{"timestamp_usec":"1433349664823000"}],"query_text":"get deleted messages back"}},{"query":{"id":[{"timestamp_usec":"1433332572521321"}],"query_text":"cr7 in door"}},{"query":{"id":[{"timestamp_usec":"1433332545805132"}],"query_text":"Reset"}},{"query":{"id":[{"timestamp_usec":"1433328645570498"}],"query_text":"Reset"}},{"query":{"id":[{"timestamp_usec":"1432804835687000"}],"query_text":"instagram"}},{"query":{"id":[{"timestamp_usec":"1432802849665304"},{"timestamp_usec":"1432802929918245"},{"timestamp_usec":"1432803148917813"}],"query_text":"how to open a mbox file"}},{"query":{"id":[{"timestamp_usec":"1432802549300450"},{"timestamp_usec":"1432802557291106"},{"timestamp_usec":"1432802771140026"},{"timestamp_usec":"1432802803105293"}],"query_text":"how to open a kml file"}},{"query":{"id":[{"timestamp_usec":"1432108258619000"}],"query_text":"so"}},{"query":{"id":[{"timestamp_usec":"1432103510183000"}],"query_text":"mbox"}},{"query":{"id":[{"timestamp_usec":"1432057010424000"},{"timestamp_usec":"1432057011640000"}],"query_text":"thumbdata3--1967290299"}},{"query":{"id":[{"timestamp_usec":"1432048176940000"}],"query_text":"db"}},{"query":{"id":[{"timestamp_usec":"1432038930025000"}],"query_text":"json"}},{"query":{"id":[{"timestamp_usec":"1432038470546000"}],"query_text":"sh"}},{"query":{"id":[{"timestamp_usec":"1432038315774001"}],"query_text":"file_contexts"}},{"query":{"id":[{"timestamp_usec":"1432037231890000"}],"query_text":"bin"}},{"query":{"id":[{"timestamp_usec":"1432036618498000"}],"query_text":"json"}},{"query":{"id":[{"timestamp_usec":"1432035835350000"}],"query_text":"kml"}},{"query":{"id":[{"timestamp_usec":"1432034452628001"}],"query_text":"json"}},{"query":{"id":[{"timestamp_usec":"1432032004406000"}],"query_text":"mbox"}},{"query":{"id":[{"timestamp_usec":"1432031890260000"}],"query_text":"bin"}},{"query":{"id":[{"timestamp_usec":"1432028446552625"}],"query_text":"frases de esperanza"}},{"query":{"id":[{"timestamp_usec":"1432027265622761"}],"query_text":"frases de motivacion"}},{"query":{"id":[{"timestamp_usec":"1432022981680000"}],"query_text":"photo editor"}},{"query":{"id":[{"timestamp_usec":"1431997093815000"}],"query_text":"cam 360"}},{"query":{"id":[{"timestamp_usec":"1431995204029000"},{"timestamp_usec":"1431995204364000"}],"query_text":"photo editor"}},{"query":{"id":[{"timestamp_usec":"1431995139310000"}],"query_text":"cam 360"}},{"query":{"id":[{"timestamp_usec":"1431995129037000"}],"query_text":"cam scan"}}]}