{"event":[{"query":{"id":[{"timestamp_usec":"1451473519518089"}],"query_text":"(Current Location) -> 11527 Adco Ave, Downey, CA 90241"}},{"query":{"id":[{"timestamp_usec":"1451001794138402"}],"query_text":"(Current Location) -> PLS Check Cashing, 5201 Whittier Blvd, Los Angeles, CA 90022"}},{"query":{"id":[{"timestamp_usec":"1451001790272446"}],"query_text":"PLS Check Cashing, 5201 Whittier Blvd, Los Angeles, CA 90022"}},{"query":{"id":[{"timestamp_usec":"1450725984622348"},{"timestamp_usec":"1450726577417633"},{"timestamp_usec":"1450726802235230"},{"timestamp_usec":"1450726804965742"},{"timestamp_usec":"1450726907575093"}],"query_text":"accident in paramount ca"}},{"query":{"id":[{"timestamp_usec":"1450725918504531"}],"query_text":"3 personas accidente de carro en downey"}},{"query":{"id":[{"timestamp_usec":"1450725254484755"}],"query_text":"dui 3 persons injured in downey"}},{"query":{"id":[{"timestamp_usec":"1450725236073164"}],"query_text":"dui 3 persons injured"}},{"query":{"id":[{"timestamp_usec":"1450725138076173"},{"timestamp_usec":"1450725152181753"},{"timestamp_usec":"1450725171318747"},{"timestamp_usec":"1450725178090205"}],"query_text":"accidente de carro en downey"}},{"query":{"id":[{"timestamp_usec":"1450725002927403"},{"timestamp_usec":"1450725045329595"},{"timestamp_usec":"1450725080527290"},{"timestamp_usec":"1450725105598356"}],"query_text":"3 personas accidente de carro en downey"}},{"query":{"id":[{"timestamp_usec":"1450724937345331"}],"query_text":"3 personas accidente de caro"}},{"query":{"id":[{"timestamp_usec":"1450719624041061"}],"query_text":"breaking news in south gate ca today"}},{"query":{"id":[{"timestamp_usec":"1450718921340949"},{"timestamp_usec":"1450718957911303"},{"timestamp_usec":"1450718984054759"},{"timestamp_usec":"1450719016218213"},{"timestamp_usec":"1450719043761864"},{"timestamp_usec":"1450719070397246"},{"timestamp_usec":"1450719219272023"},{"timestamp_usec":"1450719339240954"},{"timestamp_usec":"1450719456592252"},{"timestamp_usec":"1450719489649673"},{"timestamp_usec":"1450719531435465"},{"timestamp_usec":"1450719567765407"},{"timestamp_usec":"1450719590054090"}],"query_text":"3 persons car accident in south gate ca"}},{"query":{"id":[{"timestamp_usec":"1450718748924106"},{"timestamp_usec":"1450718793302323"},{"timestamp_usec":"1450718822892483"}],"query_text":"drunk women car accident in south gate ca"}},{"query":{"id":[{"timestamp_usec":"1450718535937297"},{"timestamp_usec":"1450718594164189"},{"timestamp_usec":"1450718645562513"},{"timestamp_usec":"1450718669357334"},{"timestamp_usec":"1450718696607476"},{"timestamp_usec":"1450718711381122"}],"query_text":"car accident in south gate ca"}},{"query":{"id":[{"timestamp_usec":"1450718451908223"},{"timestamp_usec":"1450718489827081"}],"query_text":"car accident on garfield ave"}},{"query":{"id":[{"timestamp_usec":"1450718415148548"}],"query_text":"car crash on garfield"}},{"query":{"id":[{"timestamp_usec":"1450718346137169"}],"query_text":"car accident on garfield and whittier blvd"}},{"query":{"id":[{"timestamp_usec":"1450718334321505"}],"query_text":"accident on garfiledblvd"}},{"query":{"id":[{"timestamp_usec":"1450717842032899"},{"timestamp_usec":"1450717924284084"},{"timestamp_usec":"1450717972955776"},{"timestamp_usec":"1450718000940808"},{"timestamp_usec":"1450718035929825"},{"timestamp_usec":"1450718122267590"},{"timestamp_usec":"1450718160151936"},{"timestamp_usec":"1450718196962581"},{"timestamp_usec":"1450718228993516"},{"timestamp_usec":"1450718264402215"},{"timestamp_usec":"1450718274984020"},{"timestamp_usec":"1450718296617399"}],"query_text":"accident on paramount blvd"}},{"query":{"id":[{"timestamp_usec":"1450717582789876"},{"timestamp_usec":"1450717799502604"}],"query_text":"accident reports"}},{"query":{"id":[{"timestamp_usec":"1450549684750547"}],"query_text":"instagram"}},{"query":{"id":[{"timestamp_usec":"1450549591336990"},{"timestamp_usec":"1450549593678518"},{"timestamp_usec":"1450549618564765"},{"timestamp_usec":"1450549632750273"},{"timestamp_usec":"1450549670562465"}],"query_text":"legends boardshop"}},{"query":{"id":[{"timestamp_usec":"1450549564397881"},{"timestamp_usec":"1450549572139701"}],"query_text":"legends boardshop downey hours"}},{"query":{"id":[{"timestamp_usec":"1450549409098829"},{"timestamp_usec":"1450549426915022"},{"timestamp_usec":"1450549445690286"},{"timestamp_usec":"1450549462677246"},{"timestamp_usec":"1450549472565943"},{"timestamp_usec":"1450549492010692"}],"query_text":"Legends boardshop"}},{"query":{"id":[{"timestamp_usec":"1450549401748050"}],"query_text":"Lehgens borerd shop"}},{"query":{"id":[{"timestamp_usec":"1450449189770487"}],"query_text":"(Current Location) -> 11527 Adco Ave, Downey, CA 90241"}},{"query":{"id":[{"timestamp_usec":"1450406860159521"}],"query_text":"Broadway / Griffin, Los Angeles, CA 90031"}},{"query":{"id":[{"timestamp_usec":"1450143966355396"}],"query_text":"easy face makeup for halloween for boys hero"}},{"query":{"id":[{"timestamp_usec":"1450143957517498"}],"query_text":"easy face makeup for halloween for boys"}},{"query":{"id":[{"timestamp_usec":"1450143938437471"}],"query_text":"easy makeup for halloween for boys"}},{"query":{"id":[{"timestamp_usec":"1450143928409205"}],"query_text":"easy makeup for halloween for kids"}},{"query":{"id":[{"timestamp_usec":"1450143885665872"}],"query_text":"easy makeup for halloween"}},{"query":{"id":[{"timestamp_usec":"1450143877937153"},{"timestamp_usec":"1450143881886206"}],"query_text":"easy makeup"}},{"query":{"id":[{"timestamp_usec":"1450143750760467"}],"query_text":"joker makeup"}},{"query":{"id":[{"timestamp_usec":"1450143745134271"}],"query_text":"joker"}},{"query":{"id":[{"timestamp_usec":"1450143700040693"},{"timestamp_usec":"1450143710868448"}],"query_text":"what is superhero day"}},{"query":{"id":[{"timestamp_usec":"1450127159903688"},{"timestamp_usec":"1450127164323405"},{"timestamp_usec":"1450127164748532"},{"timestamp_usec":"1450127209642931"}],"query_text":"amazon"}},{"query":{"id":[{"timestamp_usec":"1450127086733962"},{"timestamp_usec":"1450127096623650"},{"timestamp_usec":"1450127145522767"}],"query_text":"iphone 6s"}},{"query":{"id":[{"timestamp_usec":"1450022291252307"},{"timestamp_usec":"1450022299003979"},{"timestamp_usec":"1450022341711999"},{"timestamp_usec":"1450022342588047"}],"query_text":"segway skateboards"}},{"query":{"id":[{"timestamp_usec":"1450022190013430"},{"timestamp_usec":"1450022213602982"}],"query_text":"skateboards"}},{"query":{"id":[{"timestamp_usec":"1449974577684835"}],"query_text":"(Current Location) -> Starbucks, Los Angeles, CA"}},{"query":{"id":[{"timestamp_usec":"1449974577625007"}],"query_text":"Starbucks, 555 West 5th Street, Los Angeles, CA 90013-1007"}},{"query":{"id":[{"timestamp_usec":"1449767492447462"}],"query_text":"craigslist"}},{"query":{"id":[{"timestamp_usec":"1449755434279147"}],"query_text":"pof login"}},{"query":{"id":[{"timestamp_usec":"1449064870023009"}],"query_text":"Christopher Columbus Transcontinental Hwy, Los Angeles, CA 90063 -> Los Angeles, 90023, CA, 3549 Olympic Blvd, US"}},{"query":{"id":[{"timestamp_usec":"1449064865591756"}],"query_text":"(Current Location) -> Los Angeles, 90023, CA, 3549 Olympic Blvd, US"}},{"query":{"id":[{"timestamp_usec":"1448918116882038"}],"query_text":"fa"}},{"query":{"id":[{"timestamp_usec":"1448901719485087"}],"query_text":"us post office lincoln heights"}},{"query":{"id":[{"timestamp_usec":"1448901687164785"}],"query_text":"us post office compton ca"}},{"query":{"id":[{"timestamp_usec":"1448900233164077"}],"query_text":"ihss el monte number"}},{"query":{"id":[{"timestamp_usec":"1448898387007275"}],"query_text":"bakery near me"}},{"query":{"id":[{"timestamp_usec":"1448866732949396"}],"query_text":"porn lesbians"}},{"query":{"id":[{"timestamp_usec":"1448864293997959"},{"timestamp_usec":"1448864308283356"},{"timestamp_usec":"1448864308319356"},{"timestamp_usec":"1448864314159878"},{"timestamp_usec":"1448864517844471"},{"timestamp_usec":"1448864521166736"},{"timestamp_usec":"1448864521519664"}],"query_text":"craigslist"}},{"query":{"id":[{"timestamp_usec":"1448678665797130"}],"query_text":"bakery near me"}},{"query":{"id":[{"timestamp_usec":"1448652552798318"},{"timestamp_usec":"1448652648956509"}],"query_text":"bakery near me"}},{"query":{"id":[{"timestamp_usec":"1448652453920060"}],"query_text":"legends on firestone"}},{"query":{"id":[{"timestamp_usec":"1448652452600461"}],"query_text":"avatar brown soard"}},{"query":{"id":[{"timestamp_usec":"1448652447243827"}],"query_text":"jurassic world"}},{"query":{"id":[{"timestamp_usec":"1448652444056923"}],"query_text":"new action movies 2015"}},{"query":{"id":[{"timestamp_usec":"1448608606959980"}],"query_text":"jurassic world"}},{"query":{"id":[{"timestamp_usec":"1448607973234496"},{"timestamp_usec":"1448608257110044"},{"timestamp_usec":"1448608260220514"},{"timestamp_usec":"1448608484185938"},{"timestamp_usec":"1448608487078497"}],"query_text":"new action movies 2015"}},{"query":{"id":[{"timestamp_usec":"1448607391388363"}],"query_text":"avatar brown soard"}},{"query":{"id":[{"timestamp_usec":"1448604208376624"},{"timestamp_usec":"1448604212093879"},{"timestamp_usec":"1448604233869620"}],"query_text":"avatar brown soard"}},{"query":{"id":[{"timestamp_usec":"1448604182717746"}],"query_text":"legends on firestone"}},{"query":{"id":[{"timestamp_usec":"1448578025702156"}],"query_text":"legends on firestone"}},{"query":{"id":[{"timestamp_usec":"1448577998761649"}],"query_text":"what happened on the 710 south"}},{"query":{"id":[{"timestamp_usec":"1448577996911000"}],"query_text":"what happened on the 710 north"}},{"query":{"id":[{"timestamp_usec":"1448506077642859"}],"query_text":"what happened on the 710 south"}},{"query":{"id":[{"timestamp_usec":"1448506049323646"},{"timestamp_usec":"1448506073121972"}],"query_text":"what happened on the 710 north"}},{"query":{"id":[{"timestamp_usec":"1448498296222603"}],"query_text":"metro bus schedule"}},{"query":{"id":[{"timestamp_usec":"1448497367378867"},{"timestamp_usec":"1448497369656847"},{"timestamp_usec":"1448497404689570"},{"timestamp_usec":"1448497831986638"}],"query_text":"(Current Location) -> 1111 Mateo St, Los Angeles, CA 90021"}},{"query":{"id":[{"timestamp_usec":"1448497363354435"}],"query_text":"1111 Mateo St, Los Angeles, CA 90021"}},{"query":{"id":[{"timestamp_usec":"1448471663829466"}],"query_text":"Boys and Girls Club in East LA"}},{"query":{"id":[{"timestamp_usec":"1448414347750531"},{"timestamp_usec":"1448414350529778"},{"timestamp_usec":"1448414350656457"}],"query_text":"hoverboard for sale on black friday"}},{"query":{"id":[{"timestamp_usec":"1448414328000666"}],"query_text":"hoverboard for sale"}},{"query":{"id":[{"timestamp_usec":"1448414319582371"}],"query_text":"hvere"}},{"query":{"id":[{"timestamp_usec":"1448318684034792"}],"query_text":"drivetime torrance"}},{"query":{"id":[{"timestamp_usec":"1448312863270757"}],"query_text":"clear bags walmart"}},{"query":{"id":[{"timestamp_usec":"1448312788055691"}],"query_text":"ross bags"}},{"query":{"id":[{"timestamp_usec":"1448312768535238"}],"query_text":"walmart"}},{"query":{"id":[{"timestamp_usec":"1448312765970159"}],"query_text":"bar scan cupons"}},{"query":{"id":[{"timestamp_usec":"1448312763205851"}],"query_text":"selasin boys and girls"}},{"query":{"id":[{"timestamp_usec":"1448312762221275"}],"query_text":"the peanuts movie"}},{"query":{"id":[{"timestamp_usec":"1448306286514042"}],"query_text":"the peanuts movie"}},{"query":{"id":[{"timestamp_usec":"1448255288940957"}],"query_text":"the peanuts movie"}},{"query":{"id":[{"timestamp_usec":"1448255277378891"}],"query_text":"selasin boys and girls"}},{"query":{"id":[{"timestamp_usec":"1448236420061902"}],"query_text":"selasin boys and girls"}},{"query":{"id":[{"timestamp_usec":"1448231744671678"}],"query_text":"boys and girls club"}},{"query":{"id":[{"timestamp_usec":"1448231738365986"}],"query_text":"bar scan cupons"}},{"query":{"id":[{"timestamp_usec":"1448227702329381"},{"timestamp_usec":"1448228577077561"}],"query_text":"bar scan cupons"}},{"query":{"id":[{"timestamp_usec":"1448224185417859"}],"query_text":"target"}},{"query":{"id":[{"timestamp_usec":"1448224173647872"}],"query_text":"walmart"}},{"query":{"id":[{"timestamp_usec":"1448221514768782"},{"timestamp_usec":"1448221553608153"},{"timestamp_usec":"1448221585400523"}],"query_text":"walmart"}},{"query":{"id":[{"timestamp_usec":"1448221495354328"}],"query_text":"walmart near me"}},{"query":{"id":[{"timestamp_usec":"1448219833747506"},{"timestamp_usec":"1448221482729289"}],"query_text":"walmart"}},{"query":{"id":[{"timestamp_usec":"1448219450686067"}],"query_text":"Walmart South Gate, CA"}},{"query":{"id":[{"timestamp_usec":"1448219439564460"}],"query_text":"walmart"}},{"query":{"id":[{"timestamp_usec":"1448152810900104"}],"query_text":"why do old people shake"}},{"query":{"id":[{"timestamp_usec":"1448152798580233"}],"query_text":"baron hr east la"}},{"query":{"id":[{"timestamp_usec":"1448152797201129"}],"query_text":"barron hr on beverly"}},{"query":{"id":[{"timestamp_usec":"1448152795978843"}],"query_text":"5127 beverly blvd los angeles ca 90023"}},{"query":{"id":[{"timestamp_usec":"1448152795439026"}],"query_text":"cpt code for inflammation"}},{"query":{"id":[{"timestamp_usec":"1447964404856220"},{"timestamp_usec":"1447964596099670"},{"timestamp_usec":"1447964677229844"}],"query_text":"cpt code for inflammation"}},{"query":{"id":[{"timestamp_usec":"1447964302655138"}],"query_text":"icd 9 code gallstones"}},{"query":{"id":[{"timestamp_usec":"1447964269504097"}],"query_text":"cpt code gallstones"}},{"query":{"id":[{"timestamp_usec":"1447964251579031"}],"query_text":"cpt code gold stones"}},{"query":{"id":[{"timestamp_usec":"1447964222108340"}],"query_text":"5127 beverly blvd los angeles ca 90023"}},{"query":{"id":[{"timestamp_usec":"1447963450778537"}],"query_text":"(Current Location) -> 5127 E Beverly Blvd, East Los Angeles, CA 90022"}},{"query":{"id":[{"timestamp_usec":"1447963449780646"}],"query_text":"5127 E Beverly Blvd, East Los Angeles, CA"}},{"query":{"id":[{"timestamp_usec":"1447963427638268"}],"query_text":"5127 Beverly Blvd, Los Angeles, CA"}},{"query":{"id":[{"timestamp_usec":"1447960272191203"},{"timestamp_usec":"1447960529414547"}],"query_text":"5127 beverly blvd los angeles ca 90023"}},{"query":{"id":[{"timestamp_usec":"1447960240088169"}],"query_text":"barron hr on beverly"}},{"query":{"id":[{"timestamp_usec":"1447788316062300"},{"timestamp_usec":"1447788901656192"}],"query_text":"barron hr on beverly"}},{"query":{"id":[{"timestamp_usec":"1447788207934437"},{"timestamp_usec":"1447788302727938"}],"query_text":"baron hr east la"}},{"query":{"id":[{"timestamp_usec":"1447771201077785"},{"timestamp_usec":"1447771205852490"},{"timestamp_usec":"1447771214651965"},{"timestamp_usec":"1447771246644497"},{"timestamp_usec":"1447771253225092"},{"timestamp_usec":"1447771260852175"},{"timestamp_usec":"1447771274620577"},{"timestamp_usec":"1447771347470478"}],"query_text":"lesbian toys"}},{"query":{"id":[{"timestamp_usec":"1447771163377971"}],"query_text":"time to let go poem"}},{"query":{"id":[{"timestamp_usec":"1447765857777391"}],"query_text":"White Memorial Medical Center, 1720 East Cesar E Chavez Avenue, Los Angeles, CA 90033"}},{"query":{"id":[{"timestamp_usec":"1447720461940344"}],"query_text":"pegasus foods inc los angeles, ca"}},{"query":{"id":[{"timestamp_usec":"1447720459966342"}],"query_text":"search device"}},{"query":{"id":[{"timestamp_usec":"1447719789660413"}],"query_text":"pegasus foods inc los angeles, ca"}},{"query":{"id":[{"timestamp_usec":"1447718778998513"},{"timestamp_usec":"1447718808051205"},{"timestamp_usec":"1447718890760576"},{"timestamp_usec":"1447718893331489"},{"timestamp_usec":"1447719775273652"},{"timestamp_usec":"1447719778591883"},{"timestamp_usec":"1447719783953731"}],"query_text":"search device"}},{"query":{"id":[{"timestamp_usec":"1447696697080497"},{"timestamp_usec":"1447696973145904"}],"query_text":"lesbian. masturbating videos"}},{"query":{"id":[{"timestamp_usec":"1447692621894743"}],"query_text":"time to let go poem"}},{"query":{"id":[{"timestamp_usec":"1447689177211672"}],"query_text":"time to let that love go poem"}},{"query":{"id":[{"timestamp_usec":"1447689174451980"}],"query_text":"time to let go poem"}},{"query":{"id":[{"timestamp_usec":"1447689069042867"}],"query_text":"time to let that love go poem"}},{"query":{"id":[{"timestamp_usec":"1447688727752560"},{"timestamp_usec":"1447689028478645"},{"timestamp_usec":"1447689041292963"},{"timestamp_usec":"1447689048980120"}],"query_text":"time to let go poem"}},{"query":{"id":[{"timestamp_usec":"1447653856016754"}],"query_text":"el clasificado"}},{"query":{"id":[{"timestamp_usec":"1447653828838407"}],"query_text":"Little China Express Los Angeles, CA"}},{"query":{"id":[{"timestamp_usec":"1447653827189991"}],"query_text":"little china express menu"}},{"query":{"id":[{"timestamp_usec":"1447651560019078"}],"query_text":"dictionary"}},{"query":{"id":[{"timestamp_usec":"1447544474969486"}],"query_text":"(Current Location) -> 11527 Adco Ave, Downey, CA 90241"}},{"query":{"id":[{"timestamp_usec":"1447544470698658"}],"query_text":"11527 Adco Ave, Downey, CA 90241"}},{"query":{"id":[{"timestamp_usec":"1447542951627093"}],"query_text":"Little China Express Los Angeles, CA"}},{"query":{"id":[{"timestamp_usec":"1447542949217341"}],"query_text":"little china express menu"}},{"query":{"id":[{"timestamp_usec":"1447533694740328"}],"query_text":"little china express menu"}},{"query":{"id":[{"timestamp_usec":"1447532176562158"}],"query_text":"Little China Express Los Angeles, CA"}},{"query":{"id":[{"timestamp_usec":"1447532169671413"}],"query_text":"little china express menu"}},{"query":{"id":[{"timestamp_usec":"1447440966064232"}],"query_text":"how do dogs give birth"}},{"query":{"id":[{"timestamp_usec":"1447423894370829"},{"timestamp_usec":"1447423899579975"}],"query_text":"how do dogs give birth"}},{"query":{"id":[{"timestamp_usec":"1447381343155899"},{"timestamp_usec":"1447381604357550"},{"timestamp_usec":"1447383343822206"}],"query_text":"old river elementary"}},{"query":{"id":[{"timestamp_usec":"1447377344660133"}],"query_text":"old river elementary"}},{"query":{"id":[{"timestamp_usec":"1447368983244313"}],"query_text":"old river elementary"}},{"query":{"id":[{"timestamp_usec":"1447337870873012"},{"timestamp_usec":"1447337878306551"}],"query_text":"what to do when your dog is about to give birth"}},{"query":{"id":[{"timestamp_usec":"1447265814880860"},{"timestamp_usec":"1447265825082261"},{"timestamp_usec":"1447265846920029"}],"query_text":"lesbian. masturbating videos"}},{"query":{"id":[{"timestamp_usec":"1447265551809370"}],"query_text":"pof"}},{"query":{"id":[{"timestamp_usec":"1447261132482000"}],"query_text":"block numbers and texts"}},{"query":{"id":[{"timestamp_usec":"1447244170420582"}],"query_text":"11527 Adco Ave, Downey, CA -> Figueroa Street, Los Angeles, CA"}},{"query":{"id":[{"timestamp_usec":"1447244161266986"}],"query_text":"11527 Adco Ave, Downey, CA -> (Current Location)"}},{"query":{"id":[{"timestamp_usec":"1447244155830227"}],"query_text":"(Current Location) -> 11527 Adco Ave, Downey, CA"}},{"query":{"id":[{"timestamp_usec":"1447244155810912"}],"query_text":"11527 Adco Ave, Downey, CA 90241"}},{"query":{"id":[{"timestamp_usec":"1447244146267645"}],"query_text":"710 Freeman Avenue, Long Beach, CA"}},{"query":{"id":[{"timestamp_usec":"1447244076952496"}],"query_text":"11527 Adco Ave, Downey, CA -> Plaza Mexico, East Imperial Highway, Lynwood, CA"}},{"query":{"id":[{"timestamp_usec":"1447244005094671"},{"timestamp_usec":"1447244007971458"}],"query_text":"11527 Adco Ave, Downey, CA -> Figueroa Street, Los Angeles, CA"}},{"query":{"id":[{"timestamp_usec":"1447243998092077"}],"query_text":"11527 Adco Ave, Downey, CA -> (Current Location)"}},{"query":{"id":[{"timestamp_usec":"1447243984542505"}],"query_text":"(Current Location) -> 11527 Adco Ave, Downey, CA"}},{"query":{"id":[{"timestamp_usec":"1447243984463408"}],"query_text":"11527 Adco Ave, Downey, CA 90241"}},{"query":{"id":[{"timestamp_usec":"1447204590080019"}],"query_text":"kobes shoes 2015 purple"}},{"query":{"id":[{"timestamp_usec":"1447201334613786"}],"query_text":"el clasificado"}},{"query":{"id":[{"timestamp_usec":"1447199950050005"}],"query_text":"(Current Location) -> 2810 E 6th St, Los Angeles, CA 90023"}},{"query":{"id":[{"timestamp_usec":"1447194258048946"}],"query_text":"kobes shoes 2015 purple"}},{"query":{"id":[{"timestamp_usec":"1447191917895473"},{"timestamp_usec":"1447192181563099"}],"query_text":"kobes shoes 2015 purple"}},{"query":{"id":[{"timestamp_usec":"1447191669873387"}],"query_text":"(Current Location) -> 2810 E 6th St, Los Angeles, CA 90023"}},{"query":{"id":[{"timestamp_usec":"1447191668885810"}],"query_text":"2810 E 6th St Los Angeles CA 90023"}},{"query":{"id":[{"timestamp_usec":"1447191548063486"}],"query_text":"kobes shoes 2015 purple"}},{"query":{"id":[{"timestamp_usec":"1447191485932342"}],"query_text":"(Current Location) -> 1111 Mateo St, Los Angeles, CA"}},{"query":{"id":[{"timestamp_usec":"1447191478412273"}],"query_text":"1111 Mateo St, Los Angeles, CA 90021"}},{"query":{"id":[{"timestamp_usec":"1447191478375793"}],"query_text":"(Current Location) -> 1111 Mateo St, Los Angeles, CA"}},{"query":{"id":[{"timestamp_usec":"1447187828058594"}],"query_text":"lesbian. masturbating videos"}},{"query":{"id":[{"timestamp_usec":"1447187805857940"},{"timestamp_usec":"1447187811580969"}],"query_text":"lesbian videos"}},{"query":{"id":[{"timestamp_usec":"1447159721447586"}],"query_text":"11527 Adco Ave, Downey, CA -> Adams / Figueroa, Los Angeles, CA"}},{"query":{"id":[{"timestamp_usec":"1447159618418639"},{"timestamp_usec":"1447159621937004"},{"timestamp_usec":"1447159637673924"}],"query_text":"11527 Adco Ave, Downey, CA -> Figueroa Street, Los Angeles, CA"}},{"query":{"id":[{"timestamp_usec":"1447159613100789"}],"query_text":"11527 Adco Ave, Downey, CA -> (Current Location)"}},{"query":{"id":[{"timestamp_usec":"1447159602697260"}],"query_text":"Figueroa Street, Los Angeles, CA -> (Current Location)"}},{"query":{"id":[{"timestamp_usec":"1447159547125012"}],"query_text":"(Current Location) -> Figueroa St, Los Angeles, CA 90065"}},{"query":{"id":[{"timestamp_usec":"1447159532691640"}],"query_text":"Figueroa St, Los Angeles, CA"}},{"query":{"id":[{"timestamp_usec":"1447150840768579"}],"query_text":"kobes shoes 2015 purple"}},{"query":{"id":[{"timestamp_usec":"1447090708693949"},{"timestamp_usec":"1447090714249569"}],"query_text":"(Current Location) -> 1111 Mateo St, Los Angeles, CA 90021"}},{"query":{"id":[{"timestamp_usec":"1447090707535043"}],"query_text":"1111 mateo st"}},{"query":{"id":[{"timestamp_usec":"1447039648144770"},{"timestamp_usec":"1447039766752523"}],"query_text":"kobes shoes 2015 purple"}},{"query":{"id":[{"timestamp_usec":"1447039645350414"}],"query_text":"kobes shoes 2015 prpul"}},{"query":{"id":[{"timestamp_usec":"1447039514622510"},{"timestamp_usec":"1447039562912223"},{"timestamp_usec":"1447039597499216"}],"query_text":"kobes shoes 2015"}},{"query":{"id":[{"timestamp_usec":"1447039504443677"},{"timestamp_usec":"1447039509146522"}],"query_text":"kobeys"}},{"query":{"id":[{"timestamp_usec":"1446999214032000"}],"query_text":"SoundCloud"}},{"query":{"id":[{"timestamp_usec":"1446988069190000"}],"query_text":"messenger app"}},{"query":{"id":[{"timestamp_usec":"1446986613893867"}],"query_text":"(Current Location) -> 11527 Adco Ave, Downey, CA"}},{"query":{"id":[{"timestamp_usec":"1446986602622920"}],"query_text":"11527 Adco Ave, Downey, CA 90241"}},{"query":{"id":[{"timestamp_usec":"1446986227164000"}],"query_text":"messenger app"}},{"query":{"id":[{"timestamp_usec":"1446863859007477"},{"timestamp_usec":"1446863877207221"},{"timestamp_usec":"1446863880334271"}],"query_text":"(Current Location) -> 2810 E 6th St, Los Angeles, CA"}},{"query":{"id":[{"timestamp_usec":"1446863858968324"}],"query_text":"2810 E 6th St, Los Angeles, CA 90023"}},{"query":{"id":[{"timestamp_usec":"1446814378717235"}],"query_text":"(Current Location) -> 11527 Adco Ave, Downey, CA 90241"}},{"query":{"id":[{"timestamp_usec":"1446814371418525"}],"query_text":"11527 Adco Ave, Downey, CA 90241"}},{"query":{"id":[{"timestamp_usec":"1446778712960285"},{"timestamp_usec":"1446778715349758"}],"query_text":"443 S Alexandria Ave, Los Angeles, CA"}},{"query":{"id":[{"timestamp_usec":"1446690436076102"}],"query_text":"(Current Location) -> 2810 E 6th St, Los Angeles, CA"}},{"query":{"id":[{"timestamp_usec":"1446690435872663"}],"query_text":"2810 E 6th St, Los Angeles, CA 90023"}},{"query":{"id":[{"timestamp_usec":"1446681770282826"}],"query_text":"1111 mateo los angeles ca"}},{"query":{"id":[{"timestamp_usec":"1446681046573109"},{"timestamp_usec":"1446681049120067"}],"query_text":"oracion para empezar el dia"}},{"query":{"id":[{"timestamp_usec":"1446681014813758"},{"timestamp_usec":"1446681018986951"}],"query_text":"oracion de mañana"}},{"query":{"id":[{"timestamp_usec":"1446644110530296"}],"query_text":"Pegasus Foods Inc Los Angeles, CA"}},{"query":{"id":[{"timestamp_usec":"1446644108913992"}],"query_text":"1111 mateo los angeles ca"}},{"query":{"id":[{"timestamp_usec":"1446644023228549"}],"query_text":"Pegasus Foods Inc Los Angeles, CA"}},{"query":{"id":[{"timestamp_usec":"1446643998795708"},{"timestamp_usec":"1446644005986053"}],"query_text":"1111 mateo los angeles ca"}},{"query":{"id":[{"timestamp_usec":"1446605363791000"},{"timestamp_usec":"1446605364475000"}],"query_text":"text on pictures"}},{"query":{"id":[{"timestamp_usec":"1446605360926000"}],"query_text":"glitter text on pictures"}},{"query":{"id":[{"timestamp_usec":"1446602663828000"}],"query_text":"glitter text on pictures"}},{"query":{"id":[{"timestamp_usec":"1446602508349000"}],"query_text":"pub:Axion MobiSolution"}},{"query":{"id":[{"timestamp_usec":"1446602285048000"},{"timestamp_usec":"1446602287331000"}],"query_text":"text on pictures"}},{"query":{"id":[{"timestamp_usec":"1446601827397410"},{"timestamp_usec":"1446601830719040"}],"query_text":"(Current Location) -> 2810 E 6th St, Los Angeles, CA 90023"}},{"query":{"id":[{"timestamp_usec":"1446600207886697"}],"query_text":"six flags magic mountain"}},{"query":{"id":[{"timestamp_usec":"1446600161181327"}],"query_text":"universal studios"}},{"query":{"id":[{"timestamp_usec":"1446600145876878"}],"query_text":"universal studios hollywood"}},{"query":{"id":[{"timestamp_usec":"1446600140386564"}],"query_text":"universal studios"}},{"query":{"id":[{"timestamp_usec":"1446600054307218"}],"query_text":"universal studios hollywood"}},{"query":{"id":[{"timestamp_usec":"1446600011155687"}],"query_text":"universal studios"}},{"query":{"id":[{"timestamp_usec":"1446596372056628"},{"timestamp_usec":"1446596431648989"},{"timestamp_usec":"1446596621240679"},{"timestamp_usec":"1446596623140646"},{"timestamp_usec":"1446596704949605"},{"timestamp_usec":"1446596706920769"}],"query_text":"cheap used batteries near me"}},{"query":{"id":[{"timestamp_usec":"1446585530961000"},{"timestamp_usec":"1446585534459000"}],"query_text":"body slim"}},{"query":{"id":[{"timestamp_usec":"1446585212205383"},{"timestamp_usec":"1446585298598000"}],"query_text":"pof"}},{"query":{"id":[{"timestamp_usec":"1446584636222000"}],"query_text":"body slim"}},{"query":{"id":[{"timestamp_usec":"1446574043416839"},{"timestamp_usec":"1446574046646109"}],"query_text":"lesbins masturbating"}},{"query":{"id":[{"timestamp_usec":"1446439526482000"}],"query_text":"Facebook"}},{"query":{"id":[{"timestamp_usec":"1446405918147484"}],"query_text":"is the iphone 4 charger the same for a samsung tablet"}},{"query":{"id":[{"timestamp_usec":"1446398093245952"}],"query_text":"taxi near me"}},{"query":{"id":[{"timestamp_usec":"1446342783268017"}],"query_text":"taxi near me"}},{"query":{"id":[{"timestamp_usec":"1446342380587184"},{"timestamp_usec":"1446342436515234"},{"timestamp_usec":"1446342662032915"}],"query_text":"cheap taxi"}},{"query":{"id":[{"timestamp_usec":"1446313026444307"}],"query_text":"Jim's Burgers Downey, CA"}},{"query":{"id":[{"timestamp_usec":"1446313024031579"}],"query_text":"jim's burgers"}},{"query":{"id":[{"timestamp_usec":"1446312868949350"}],"query_text":"Jim's Burgers Downey, CA"}},{"query":{"id":[{"timestamp_usec":"1446312864828686"}],"query_text":"jim's burgers"}},{"query":{"id":[{"timestamp_usec":"1446238856588724"},{"timestamp_usec":"1446238862507558"}],"query_text":"(Current Location) -> Long Beach, CA"}},{"query":{"id":[{"timestamp_usec":"1446238856538952"}],"query_text":"Long Beach, CA"}},{"query":{"id":[{"timestamp_usec":"1446238845484602"}],"query_text":"nenas flower shop near Long Beach, CA"}},{"query":{"id":[{"timestamp_usec":"1446238811242366"}],"query_text":"nenas flower shop longbeach ca"}},{"query":{"id":[{"timestamp_usec":"1446144810990000"},{"timestamp_usec":"1446144815320000"}],"query_text":"photo editor"}},{"query":{"id":[{"timestamp_usec":"1446082681181095"},{"timestamp_usec":"1446082685137254"}],"query_text":"11527 Adco Ave, Downey, CA 90241 -> 1111 Mateo St, Los Angeles, CA"}},{"query":{"id":[{"timestamp_usec":"1446082675014978"}],"query_text":"11527 Adco Ave, Downey, CA 90241 -> (Current Location)"}},{"query":{"id":[{"timestamp_usec":"1446082671635952"}],"query_text":"(Current Location) -> 11527 Adco Ave, Downey, CA 90241"}},{"query":{"id":[{"timestamp_usec":"1446082663045281"}],"query_text":"11527 Adco Ave, Downey, CA 90241"}},{"query":{"id":[{"timestamp_usec":"1446074162426359"}],"query_text":"if my dog got pregnat on seotember 28 when is she due"}},{"query":{"id":[{"timestamp_usec":"1446073776286122"},{"timestamp_usec":"1446073777862379"}],"query_text":"jim's burger downey"}},{"query":{"id":[{"timestamp_usec":"1446073746650797"},{"timestamp_usec":"1446073751256317"}],"query_text":"Albion Elementary School, 322 S Ave 18, Los Angeles, CA 90031 -> 11527 Adco Ave, Downey, CA"}},{"query":{"id":[{"timestamp_usec":"1446073744075158"}],"query_text":"Albion Elementary School, 322 S Ave 18, Los Angeles, CA 90031 -> (Current Location)"}},{"query":{"id":[{"timestamp_usec":"1446073739607492"}],"query_text":"(Current Location) -> Albion Elementary School, 322 S Ave 18, Los Angeles, CA 90031"}},{"query":{"id":[{"timestamp_usec":"1446073734131042"}],"query_text":"Albion Elementary School, 322 S Ave 18, Los Angeles, CA 90031"}},{"query":{"id":[{"timestamp_usec":"1446073519340291"}],"query_text":"jim's burger downey"}},{"query":{"id":[{"timestamp_usec":"1446032972780537"}],"query_text":"(Current Location) -> 11527 Adco Ave, Downey, CA"}},{"query":{"id":[{"timestamp_usec":"1446032972753571"}],"query_text":"11527 Adco Ave, Downey, CA 90241"}},{"query":{"id":[{"timestamp_usec":"1445892573987000"}],"query_text":"bad Max"}},{"query":{"id":[{"timestamp_usec":"1445892555455000"}],"query_text":"Mad Max"}},{"query":{"id":[{"timestamp_usec":"1445892513643000"}],"query_text":"you tube video for kids free"}},{"query":{"id":[{"timestamp_usec":"1445881487974875"},{"timestamp_usec":"1445881591210795"},{"timestamp_usec":"1445881594826425"}],"query_text":"(Current Location) -> 403 W Adams Blvd, Los Angeles, CA"}},{"query":{"id":[{"timestamp_usec":"1445881487941471"}],"query_text":"403 W Adams Blvd, Los Angeles, CA 90007"}},{"query":{"id":[{"timestamp_usec":"1445879733236898"},{"timestamp_usec":"1445880036979526"},{"timestamp_usec":"1445880078295247"},{"timestamp_usec":"1445880276320442"},{"timestamp_usec":"1445880403145409"},{"timestamp_usec":"1445880406019233"},{"timestamp_usec":"1445880498059514"}],"query_text":"can't turn a hoe into a husband"}},{"query":{"id":[{"timestamp_usec":"1445862514266000"},{"timestamp_usec":"1445862730902000"}],"query_text":"fake text"}},{"query":{"id":[{"timestamp_usec":"1445861999428203"}],"query_text":"completed drug certification"}},{"query":{"id":[{"timestamp_usec":"1445861997828642"}],"query_text":"drug certification"}},{"query":{"id":[{"timestamp_usec":"1445861954098722"}],"query_text":"completed drug certification"}},{"query":{"id":[{"timestamp_usec":"1445861952239978"}],"query_text":"drug certification"}},{"query":{"id":[{"timestamp_usec":"1445861811486846"}],"query_text":"create printable certificate"}},{"query":{"id":[{"timestamp_usec":"1445861782378737"},{"timestamp_usec":"1445861799864897"}],"query_text":"drug certification"}},{"query":{"id":[{"timestamp_usec":"1445861758992920"},{"timestamp_usec":"1445861767169855"}],"query_text":"drug test certification"}},{"query":{"id":[{"timestamp_usec":"1445861685832077"},{"timestamp_usec":"1445861693475809"}],"query_text":"drug certification"}},{"query":{"id":[{"timestamp_usec":"1445861646212028"}],"query_text":"completed drug certification"}},{"query":{"id":[{"timestamp_usec":"1445861576672028"},{"timestamp_usec":"1445861579548529"},{"timestamp_usec":"1445861582242845"}],"query_text":"drug certification"}},{"query":{"id":[{"timestamp_usec":"1445861439609797"}],"query_text":"create printable certificate"}},{"query":{"id":[{"timestamp_usec":"1445861194782464"},{"timestamp_usec":"1445861407614174"}],"query_text":"create a certificate"}},{"query":{"id":[{"timestamp_usec":"1445860663383878"}],"query_text":"Los Angeles, CA 90011"}},{"query":{"id":[{"timestamp_usec":"1445852092825975"}],"query_text":"pof"}},{"query":{"id":[{"timestamp_usec":"1445850266896000"}],"query_text":"pof"}},{"query":{"id":[{"timestamp_usec":"1445849822868929"}],"query_text":"pof login"}},{"query":{"id":[{"timestamp_usec":"1445840377121000"},{"timestamp_usec":"1445840381555000"}],"query_text":"fast for facebook"}},{"query":{"id":[{"timestamp_usec":"1445839643643000"}],"query_text":"facebook messenger"}},{"query":{"id":[{"timestamp_usec":"1445839562378000"}],"query_text":"beauty camera"}},{"query":{"id":[{"timestamp_usec":"1445838768359002"}],"query_text":"no regreses nunka enigma"}},{"query":{"id":[{"timestamp_usec":"1445838766922229"}],"query_text":"whats milf"}},{"query":{"id":[{"timestamp_usec":"1445837632286774"}],"query_text":"no regreses nunka enigma"}},{"query":{"id":[{"timestamp_usec":"1445837630435006"}],"query_text":"whats milf"}},{"query":{"id":[{"timestamp_usec":"1445837376762246"}],"query_text":"no regreses nunka enigma"}},{"query":{"id":[{"timestamp_usec":"1445835708387867"},{"timestamp_usec":"1445837244071789"}],"query_text":"whats milf"}},{"query":{"id":[{"timestamp_usec":"1445819446720000"},{"timestamp_usec":"1445819451339000"}],"query_text":"picture editor"}},{"query":{"id":[{"timestamp_usec":"1445783862608104"}],"query_text":"(Current Location) -> 11527 Adco Ave, Downey, CA"}},{"query":{"id":[{"timestamp_usec":"1445783862573440"}],"query_text":"11527 Adco Ave, Downey, CA 90241"}},{"query":{"id":[{"timestamp_usec":"1445759443154835"}],"query_text":"(Current Location) -> 3444 Alice St"}},{"query":{"id":[{"timestamp_usec":"1445759426781843"}],"query_text":"(Current Location) -> 3444 Alice St, Los Angeles, CA 90065"}},{"query":{"id":[{"timestamp_usec":"1445752912610135"}],"query_text":"(Current Location) -> 3444 Alice St, Los Angeles, CA 90065"}},{"query":{"id":[{"timestamp_usec":"1445752911835947"}],"query_text":"3444 Alice St, Los Angeles, CA"}},{"query":{"id":[{"timestamp_usec":"1445745887130852"}],"query_text":"(Current Location) -> CVS Pharmacy - Photo, Florence Avenue, Downey, CA"}},{"query":{"id":[{"timestamp_usec":"1445723171931240"}],"query_text":"(Current Location) -> 1111 Mateo St, Los Angeles, CA 90021"}},{"query":{"id":[{"timestamp_usec":"1445723166501216"}],"query_text":"1111 Mateo St, Los Angeles, CA 90021"}},{"query":{"id":[{"timestamp_usec":"1445720917125008"}],"query_text":"gerardo charge of 2 murder"}},{"query":{"id":[{"timestamp_usec":"1445719075622054"}],"query_text":"gerardo charge of 2 murder"}},{"query":{"id":[{"timestamp_usec":"1445706482739102"}],"query_text":"gerardo charge of 2 murder"}},{"query":{"id":[{"timestamp_usec":"1445658984645941"}],"query_text":"pumpkin drawing"}},{"query":{"id":[{"timestamp_usec":"1445613360982320"}],"query_text":"pumpkin drawing"}},{"query":{"id":[{"timestamp_usec":"1445606719925195"},{"timestamp_usec":"1445606779405894"},{"timestamp_usec":"1445606916610180"},{"timestamp_usec":"1445607342300024"},{"timestamp_usec":"1445607507386361"}],"query_text":"pumpkin drawing"}},{"query":{"id":[{"timestamp_usec":"1445606701061635"}],"query_text":"devoted definition"}},{"query":{"id":[{"timestamp_usec":"1445590383219163"},{"timestamp_usec":"1445590440543754"},{"timestamp_usec":"1445591662778017"},{"timestamp_usec":"1445591664551101"}],"query_text":"devoted definition"}},{"query":{"id":[{"timestamp_usec":"1445590015928557"},{"timestamp_usec":"1445590017782510"}],"query_text":"(Current Location) -> 11527 Adco Ave, Downey, CA 90241"}},{"query":{"id":[{"timestamp_usec":"1445590012378368"}],"query_text":"11527 Adco Ave, Downey, CA 90241"}},{"query":{"id":[{"timestamp_usec":"1445550432839000"}],"query_text":"pbs "}},{"query":{"id":[{"timestamp_usec":"1445549189436000"}],"query_text":"apps lock"}},{"query":{"id":[{"timestamp_usec":"1445464424614001"},{"timestamp_usec":"1445464454765000"}],"query_text":"apps lock"}},{"query":{"id":[{"timestamp_usec":"1445407450200186"},{"timestamp_usec":"1445408028250553"}],"query_text":"(Current Location) -> 11527 Adco Ave, Downey, CA"}},{"query":{"id":[{"timestamp_usec":"1445407450122322"}],"query_text":"11527 Adco Ave, Downey, CA 90241"}},{"query":{"id":[{"timestamp_usec":"1445394016399926"}],"query_text":"(Current Location) -> 1111 Mateo Street, Los Angeles, CA"}},{"query":{"id":[{"timestamp_usec":"1445393836068213"}],"query_text":"1111 Mateo St, Los Angeles, CA 90021"}},{"query":{"id":[{"timestamp_usec":"1445393836066243"}],"query_text":"(Current Location) -> 1111 Mateo Street, Los Angeles, CA"}},{"query":{"id":[{"timestamp_usec":"1445393834122237"}],"query_text":"mateo st"}},{"query":{"id":[{"timestamp_usec":"1445392430108593"},{"timestamp_usec":"1445392952620361"},{"timestamp_usec":"1445393001689775"}],"query_text":"(Current Location) -> 2637 Griffin Avenue, Los Angeles, CA"}},{"query":{"id":[{"timestamp_usec":"1445392307236725"},{"timestamp_usec":"1445392377409779"}],"query_text":"(Current Location) -> 2637 Griffin Ave, Los Angeles, CA 90031"}},{"query":{"id":[{"timestamp_usec":"1445392279878782"}],"query_text":"2637 Griffin Ave, Los Angeles, CA 90031"}},{"query":{"id":[{"timestamp_usec":"1445315694618251"}],"query_text":"11527 Adco Ave, Downey, CA 90241"}},{"query":{"id":[{"timestamp_usec":"1445315694593556"}],"query_text":"(Current Location) -> 11527 Adco Ave, Downey, CA"}},{"query":{"id":[{"timestamp_usec":"1445190664131000"}],"query_text":"kids mode app free parental control"}},{"query":{"id":[{"timestamp_usec":"1445190250852000"},{"timestamp_usec":"1445190254426000"}],"query_text":"spotify"}},{"query":{"id":[{"timestamp_usec":"1445190229190000"}],"query_text":"spam app"}},{"query":{"id":[{"timestamp_usec":"1445155392749770"}],"query_text":"(Current Location) -> Los Arcos Inn, 2979 Firestone Blvd, South Gate, CA 90280"}},{"query":{"id":[{"timestamp_usec":"1445155096276454"},{"timestamp_usec":"1445155114692068"},{"timestamp_usec":"1445155232766493"},{"timestamp_usec":"1445155305052004"},{"timestamp_usec":"1445155319045742"}],"query_text":"motel in South Gate, CA"}},{"query":{"id":[{"timestamp_usec":"1445154971110428"},{"timestamp_usec":"1445154982954693"},{"timestamp_usec":"1445154996270655"},{"timestamp_usec":"1445155019020244"}],"query_text":"hotel on Atlantic Blvd, Maywood, CA"}},{"query":{"id":[{"timestamp_usec":"1445154857694633"}],"query_text":"motel on Atlantic Ave, Los Angeles, CA"}},{"query":{"id":[{"timestamp_usec":"1445154781510570"}],"query_text":"hotels in sout gate"}},{"query":{"id":[{"timestamp_usec":"1445154756459951"},{"timestamp_usec":"1445154770873664"}],"query_text":"hotels in south gate"}},{"query":{"id":[{"timestamp_usec":"1445154739819547"}],"query_text":"hotel"}},{"query":{"id":[{"timestamp_usec":"1445154639867640"}],"query_text":"0x80c2cdd603bf9115:0xde6a2bfb09fddf9b 1"}},{"query":{"id":[{"timestamp_usec":"1445154550194711"},{"timestamp_usec":"1445154556278948"},{"timestamp_usec":"1445154559110662"},{"timestamp_usec":"1445154578441696"}],"query_text":"hotel"}},{"query":{"id":[{"timestamp_usec":"1445154475470519"},{"timestamp_usec":"1445154495330802"}],"query_text":"motel near me"}},{"query":{"id":[{"timestamp_usec":"1445154424628895"}],"query_text":"magic carpet inn"}},{"query":{"id":[{"timestamp_usec":"1445154397475884"}],"query_text":"hotels in lynwood"}},{"query":{"id":[{"timestamp_usec":"1445154385640026"}],"query_text":"travalange inn"}},{"query":{"id":[{"timestamp_usec":"1445154340879263"},{"timestamp_usec":"1445154354864800"}],"query_text":"hotel near me"}},{"query":{"id":[{"timestamp_usec":"1445154290521410"},{"timestamp_usec":"1445154303805751"},{"timestamp_usec":"1445154314875049"},{"timestamp_usec":"1445154323652826"}],"query_text":"hotel in huntington park"}},{"query":{"id":[{"timestamp_usec":"1445154203877426"},{"timestamp_usec":"1445154220860012"},{"timestamp_usec":"1445154256162742"},{"timestamp_usec":"1445154269255302"},{"timestamp_usec":"1445154278192077"}],"query_text":"motel in huntington park"}},{"query":{"id":[{"timestamp_usec":"1445154133953678"},{"timestamp_usec":"1445154154859299"},{"timestamp_usec":"1445154172386776"},{"timestamp_usec":"1445154181788464"}],"query_text":"hotel near me"}},{"query":{"id":[{"timestamp_usec":"1445111972192441"}],"query_text":"0x80c2c75ddc27da13:0xe22fdf6f254608f4 1"}},{"query":{"id":[{"timestamp_usec":"1445103176843666"}],"query_text":"0x80c2c9305639c585:0x4c3fcf4c913fd50c 1"}},{"query":{"id":[{"timestamp_usec":"1445101328497870"},{"timestamp_usec":"1445102209108782"}],"query_text":"0x80c2cc11a345b71f:0x9143068419df6ad2 1"}},{"query":{"id":[{"timestamp_usec":"1445074747291517"}],"query_text":"0x80c2c9305639c585:0x4c3fcf4c913fd50c 1"}},{"query":{"id":[{"timestamp_usec":"1445074725856797"}],"query_text":"0x80c2cc11a345b71f:0x9143068419df6ad2 1"}},{"query":{"id":[{"timestamp_usec":"1444980166041922"}],"query_text":"premier credit card"}},{"query":{"id":[{"timestamp_usec":"1444980164600903"}],"query_text":"apply for credit card online"}},{"query":{"id":[{"timestamp_usec":"1444979216715801"}],"query_text":"premier credit card"}},{"query":{"id":[{"timestamp_usec":"1444979078407207"}],"query_text":"apply for credit card online"}},{"query":{"id":[{"timestamp_usec":"1444978529870747"}],"query_text":"4990eb11f02f30d295cee40a8bb9069d@reply.craigslist.org"}},{"query":{"id":[{"timestamp_usec":"1444976761404000"}],"query_text":"second phone number"}},{"query":{"id":[{"timestamp_usec":"1444959965462903"}],"query_text":"yahoo mail"}},{"query":{"id":[{"timestamp_usec":"1444937517089992"}],"query_text":"pussy masturbating"}},{"query":{"id":[{"timestamp_usec":"1444937213430057"},{"timestamp_usec":"1444937218991044"},{"timestamp_usec":"1444937227164341"},{"timestamp_usec":"1444937247237685"}],"query_text":"lesbian masturbating"}},{"query":{"id":[{"timestamp_usec":"1444936084033000"},{"timestamp_usec":"1444936084099000"}],"query_text":"happy birthday photo edit"}},{"query":{"id":[{"timestamp_usec":"1444936083485000"}],"query_text":"kids happy birthday photo edit"}},{"query":{"id":[{"timestamp_usec":"1444935272253911"}],"query_text":"creat birthday cards"}},{"query":{"id":[{"timestamp_usec":"1444935192007330"}],"query_text":"kids birthday cards"}},{"query":{"id":[{"timestamp_usec":"1444933445455661"}],"query_text":"free online birthday cards with music"}},{"query":{"id":[{"timestamp_usec":"1444933429846845"}],"query_text":"online birthday cards"}},{"query":{"id":[{"timestamp_usec":"1444933136973000"}],"query_text":"kids happy birthday photo edit"}},{"query":{"id":[{"timestamp_usec":"1444933065523000"},{"timestamp_usec":"1444933070560000"}],"query_text":"happy birthday photo edit"}},{"query":{"id":[{"timestamp_usec":"1444932777823043"}],"query_text":"big birthday cards"}},{"query":{"id":[{"timestamp_usec":"1444890009412972"}],"query_text":"pof"}},{"query":{"id":[{"timestamp_usec":"1444884416598639"}],"query_text":"dmv los angeles"}},{"query":{"id":[{"timestamp_usec":"1444884402047903"}],"query_text":"after school programs in downey"}},{"query":{"id":[{"timestamp_usec":"1444854539296087"},{"timestamp_usec":"1444854574603180"}],"query_text":"woodgrill buffet"}},{"query":{"id":[{"timestamp_usec":"1444854461919835"},{"timestamp_usec":"1444854474791040"},{"timestamp_usec":"1444854530289620"}],"query_text":"buffet on imperial and norwalk"}},{"query":{"id":[{"timestamp_usec":"1444844050728769"}],"query_text":"dmv"}},{"query":{"id":[{"timestamp_usec":"1444842257347270"},{"timestamp_usec":"1444842469616408"},{"timestamp_usec":"1444842476885207"},{"timestamp_usec":"1444843888892123"},{"timestamp_usec":"1444844032676261"}],"query_text":"after school programs in downey"}},{"query":{"id":[{"timestamp_usec":"1444842067766786"}],"query_text":"after school skateboard programs near downey ca"}},{"query":{"id":[{"timestamp_usec":"1444842054286338"}],"query_text":"after school skateboard programs"}},{"query":{"id":[{"timestamp_usec":"1444842033971135"}],"query_text":"path"}},{"query":{"id":[{"timestamp_usec":"1444812983665652"}],"query_text":"(Current Location) -> Walmart, 4651 Firestone Blvd, South Gate, CA 90280, United States"}},{"query":{"id":[{"timestamp_usec":"1444812972682983"}],"query_text":"24 walmart near me"}},{"query":{"id":[{"timestamp_usec":"1444777639904183"}],"query_text":"path"}},{"query":{"id":[{"timestamp_usec":"1444774240804000"},{"timestamp_usec":"1444774245666001"}],"query_text":"marvel vs capcom"}},{"query":{"id":[{"timestamp_usec":"1444774231383000"}],"query_text":"marvel"}},{"query":{"id":[{"timestamp_usec":"1444766069386161"},{"timestamp_usec":"1444766134685155"}],"query_text":"path"}},{"query":{"id":[{"timestamp_usec":"1444764258092927"},{"timestamp_usec":"1444764713810138"}],"query_text":"(Current Location) -> 11627 Brookshire Ave, Downey, CA 90241"}},{"query":{"id":[{"timestamp_usec":"1444764227575927"}],"query_text":"11627 Brookshire Avenue, Downey, CA"}},{"query":{"id":[{"timestamp_usec":"1444688204649016"}],"query_text":"halloween costumes"}},{"query":{"id":[{"timestamp_usec":"1444688167264138"},{"timestamp_usec":"1444688173984085"}],"query_text":"halloween club"}},{"query":{"id":[{"timestamp_usec":"1444688136868253"}],"query_text":"halloween club play boy bunny"}},{"query":{"id":[{"timestamp_usec":"1444685047381618"},{"timestamp_usec":"1444685054101856"}],"query_text":"halloween club play boy bunny"}},{"query":{"id":[{"timestamp_usec":"1444684221573218"}],"query_text":"halloween club  costumes play boy bunny"}},{"query":{"id":[{"timestamp_usec":"1444684154601282"},{"timestamp_usec":"1444684163446832"}],"query_text":"halloween club  costumes"}},{"query":{"id":[{"timestamp_usec":"1444683913625714"}],"query_text":"hollween club"}},{"query":{"id":[{"timestamp_usec":"1444683825908000"},{"timestamp_usec":"1444683830615000"}],"query_text":"photo editor slim"}},{"query":{"id":[{"timestamp_usec":"1444683728309000"},{"timestamp_usec":"1444683736314000"}],"query_text":"photo editor"}},{"query":{"id":[{"timestamp_usec":"1444683355355296"}],"query_text":"3623 Ramboz Drive, Los Angeles, CA -> Venice, Los Angeles, CA"}},{"query":{"id":[{"timestamp_usec":"1444681404396230"}],"query_text":"best skatepark in los angeles"}},{"query":{"id":[{"timestamp_usec":"1444680766990996"}],"query_text":"venice beach"}},{"query":{"id":[{"timestamp_usec":"1444680485251370"}],"query_text":"(Current Location) -> Venice, Los Angeles, CA"}},{"query":{"id":[{"timestamp_usec":"1444680457807874"}],"query_text":"venice beach"}},{"query":{"id":[{"timestamp_usec":"1444680447416203"}],"query_text":"venice brunch"}},{"query":{"id":[{"timestamp_usec":"1444674307858793"}],"query_text":"raging waters ticket prices"}},{"query":{"id":[{"timestamp_usec":"1444671879610740"}],"query_text":"public storage on broadway"}},{"query":{"id":[{"timestamp_usec":"1444670974197156"}],"query_text":"public storage on broadway in los angeles"}},{"query":{"id":[{"timestamp_usec":"1444670972061720"}],"query_text":"public storage on broadway"}},{"query":{"id":[{"timestamp_usec":"1444670796332743"}],"query_text":"public storage on broadway in los angeles"}},{"query":{"id":[{"timestamp_usec":"1444670738664575"}],"query_text":"public storage on broadway"}},{"query":{"id":[{"timestamp_usec":"1444628797224986"}],"query_text":"don chente in bell"}},{"query":{"id":[{"timestamp_usec":"1444628757395018"}],"query_text":"Tacos Don Chente, 8339 Firestone Blvd, Downey, CA 90241"}},{"query":{"id":[{"timestamp_usec":"1444628725114535"}],"query_text":"Don Chente Bar & Grill, East Florence Avenue, Huntington Park, CA near me"}},{"query":{"id":[{"timestamp_usec":"1444628712069750"}],"query_text":"Don Chente Bar & Grill, 2144 E Florence Ave, Huntington Park, CA 90255"}},{"query":{"id":[{"timestamp_usec":"1444621631041000"}],"query_text":"pdf"}},{"query":{"id":[{"timestamp_usec":"1444621626386000"},{"timestamp_usec":"1444621629342000"}],"query_text":"ebay app"}},{"query":{"id":[{"timestamp_usec":"1444620811229915"}],"query_text":"el clasificado"}},{"query":{"id":[{"timestamp_usec":"1444620793066166"},{"timestamp_usec":"1444620797852188"}],"query_text":"ebay evening dresses"}},{"query":{"id":[{"timestamp_usec":"1444617976048000"}],"query_text":"ebay app"}},{"query":{"id":[{"timestamp_usec":"1444617957960277"}],"query_text":"ebay evening dresses"}},{"query":{"id":[{"timestamp_usec":"1444617254875000"}],"query_text":"ebay app"}},{"query":{"id":[{"timestamp_usec":"1444617066564764"},{"timestamp_usec":"1444617142295298"},{"timestamp_usec":"1444617187485157"}],"query_text":"ebay evening dresses"}},{"query":{"id":[{"timestamp_usec":"1444616978121420"}],"query_text":"diana's boutique downey"}},{"query":{"id":[{"timestamp_usec":"1444616686842000"}],"query_text":"facebook messenger"}},{"query":{"id":[{"timestamp_usec":"1444615687481000"},{"timestamp_usec":"1444616015368000"}],"query_text":"2nd line telephone number free"}},{"query":{"id":[{"timestamp_usec":"1444614037554455"}],"query_text":"search gmail email addresses"}},{"query":{"id":[{"timestamp_usec":"1444614021153978"}],"query_text":"search email addresses"}},{"query":{"id":[{"timestamp_usec":"1444613896047006"}],"query_text":"sync phone to email"}},{"query":{"id":[{"timestamp_usec":"1444613427951388"},{"timestamp_usec":"1444613593124796"},{"timestamp_usec":"1444613804966901"},{"timestamp_usec":"1444613868828138"}],"query_text":"find email addresses free"}},{"query":{"id":[{"timestamp_usec":"1444613425953763"}],"query_text":"how to find friends email address"}},{"query":{"id":[{"timestamp_usec":"1444612742046525"}],"query_text":"find email addresses free"}},{"query":{"id":[{"timestamp_usec":"1444612740271863"}],"query_text":"how to find friends email address"}},{"query":{"id":[{"timestamp_usec":"1444612638993569"}],"query_text":"find email addresses free"}},{"query":{"id":[{"timestamp_usec":"1444612637371438"}],"query_text":"how to find friends email address"}},{"query":{"id":[{"timestamp_usec":"1444612589330715"}],"query_text":"find email addresses free"}},{"query":{"id":[{"timestamp_usec":"1444612587340309"}],"query_text":"how to find friends email address"}},{"query":{"id":[{"timestamp_usec":"1444612509726879"}],"query_text":"find email addresses free"}},{"query":{"id":[{"timestamp_usec":"1444612507911504"}],"query_text":"how to find friends email address"}},{"query":{"id":[{"timestamp_usec":"1444612476004084"}],"query_text":"find email addresses free"}},{"query":{"id":[{"timestamp_usec":"1444612471790689"}],"query_text":"how to find friends email address"}},{"query":{"id":[{"timestamp_usec":"1444612391186780"}],"query_text":"find email addresses free"}},{"query":{"id":[{"timestamp_usec":"1444612389147451"}],"query_text":"how to find friends email address"}},{"query":{"id":[{"timestamp_usec":"1444612360940831"}],"query_text":"find email addresses free"}},{"query":{"id":[{"timestamp_usec":"1444612355287082"}],"query_text":"how to find friends email address"}},{"query":{"id":[{"timestamp_usec":"1444612320998368"}],"query_text":"find email addresses free"}},{"query":{"id":[{"timestamp_usec":"1444612318418915"}],"query_text":"how to find friends email address"}},{"query":{"id":[{"timestamp_usec":"1444612279499910"}],"query_text":"find email addresses free"}},{"query":{"id":[{"timestamp_usec":"1444612277875531"}],"query_text":"how to find friends email address"}},{"query":{"id":[{"timestamp_usec":"1444612067123254"}],"query_text":"find email addresses free"}},{"query":{"id":[{"timestamp_usec":"1444611785254323"}],"query_text":"how to find friends email address"}},{"query":{"id":[{"timestamp_usec":"1444611672595653"}],"query_text":"pof login"}},{"query":{"id":[{"timestamp_usec":"1444608473067962"}],"query_text":"facebook"}},{"query":{"id":[{"timestamp_usec":"1444608462580808"}],"query_text":"facebook may paez"}},{"query":{"id":[{"timestamp_usec":"1444570743250307"},{"timestamp_usec":"1444570760450126"},{"timestamp_usec":"1444570766403078"},{"timestamp_usec":"1444570775406146"}],"query_text":"htc desire 626 metropcs price"}},{"query":{"id":[{"timestamp_usec":"1444570735873156"}],"query_text":"htc desire 626 metro pcs"}},{"query":{"id":[{"timestamp_usec":"1444570734060370"}],"query_text":"htc desire 626"}},{"query":{"id":[{"timestamp_usec":"1444570182002153"}],"query_text":"porn lesbians masturbating"}},{"query":{"id":[{"timestamp_usec":"1444570097847165"}],"query_text":"porn lesbians playing them self"}},{"query":{"id":[{"timestamp_usec":"1444570052730125"},{"timestamp_usec":"1444570061782598"}],"query_text":"porn lesbians"}},{"query":{"id":[{"timestamp_usec":"1444569839739414"},{"timestamp_usec":"1444569940343641"},{"timestamp_usec":"1444570022577801"}],"query_text":"what time is 23:52"}},{"query":{"id":[{"timestamp_usec":"1444568671804000"}],"query_text":"irfanview"}},{"query":{"id":[{"timestamp_usec":"1444568633663000"}],"query_text":"friends imei tracker"}},{"query":{"id":[{"timestamp_usec":"1444568593783236"}],"query_text":"irfanview"}},{"query":{"id":[{"timestamp_usec":"1444568411756296"}],"query_text":"how to know if a picture is downloaded"}},{"query":{"id":[{"timestamp_usec":"1444568409881130"}],"query_text":"how do you know if picture is copyrighted"}},{"query":{"id":[{"timestamp_usec":"1444568368170968"}],"query_text":"how to know if a picture is downloaded"}},{"query":{"id":[{"timestamp_usec":"1444568278170237"}],"query_text":"how to know if a picture is edited"}},{"query":{"id":[{"timestamp_usec":"1444568207056057"}],"query_text":"how to know if a picture is downloaded"}},{"query":{"id":[{"timestamp_usec":"1444568172566597"},{"timestamp_usec":"1444568189935983"}],"query_text":"how do you know if picture is copyrighted"}},{"query":{"id":[{"timestamp_usec":"1444568041609894"},{"timestamp_usec":"1444568045711699"}],"query_text":"imag0001_3.jpgwhat does it mean"}},{"query":{"id":[{"timestamp_usec":"1444568021542446"}],"query_text":"imag0001_3 what does it mean"}},{"query":{"id":[{"timestamp_usec":"1444568019945325"}],"query_text":"htc desire 626"}},{"query":{"id":[{"timestamp_usec":"1444567972515817"}],"query_text":"imag0001_3 what does it mean"}},{"query":{"id":[{"timestamp_usec":"1444567966129093"}],"query_text":"htc desire 626 metro pcs"}},{"query":{"id":[{"timestamp_usec":"1444567964769059"}],"query_text":"htc desire 626"}},{"query":{"id":[{"timestamp_usec":"1444567944832459"}],"query_text":"htc desire 626 metro pcs"}},{"query":{"id":[{"timestamp_usec":"1444567943005150"}],"query_text":"htc desire 626"}},{"query":{"id":[{"timestamp_usec":"1444567767653951"},{"timestamp_usec":"1444567843095808"},{"timestamp_usec":"1444567857454643"},{"timestamp_usec":"1444567888210594"},{"timestamp_usec":"1444567892555236"}],"query_text":"imag0001_3 what does it mean"}},{"query":{"id":[{"timestamp_usec":"1444567724822514"}],"query_text":"imag0001_3 means"}},{"query":{"id":[{"timestamp_usec":"1444567697880984"}],"query_text":"imag001_3 means"}},{"query":{"id":[{"timestamp_usec":"1444567670057669"}],"query_text":"htc desire 626"}},{"query":{"id":[{"timestamp_usec":"1444567252910033"}],"query_text":"htc desire 626 metro pcs"}},{"query":{"id":[{"timestamp_usec":"1444566757051327"},{"timestamp_usec":"1444566761533845"},{"timestamp_usec":"1444566765052909"},{"timestamp_usec":"1444567248660610"}],"query_text":"htc desire 626"}},{"query":{"id":[{"timestamp_usec":"1444566097373000"}],"query_text":"friends imei tracker"}},{"query":{"id":[{"timestamp_usec":"1444565858485518"},{"timestamp_usec":"1444565888762629"},{"timestamp_usec":"1444565910648076"}],"query_text":"014250009140000"}},{"query":{"id":[{"timestamp_usec":"1444565779526000"}],"query_text":"imei tracker"}},{"query":{"id":[{"timestamp_usec":"1444565732696459"}],"query_text":"014250009140000"}},{"query":{"id":[{"timestamp_usec":"1444564344461214"}],"query_text":"Olympic / Central, Los Angeles, CA 90021"}},{"query":{"id":[{"timestamp_usec":"1444562008739232"}],"query_text":"password after:2014/10/10 before:2016/10/11"}},{"query":{"id":[{"timestamp_usec":"1444552747208000"},{"timestamp_usec":"1444553326982000"},{"timestamp_usec":"1444553327088000"}],"query_text":"sync email accounts"}},{"query":{"id":[{"timestamp_usec":"1444550902579000"},{"timestamp_usec":"1444552025718000"}],"query_text":"mspy app tracking cell phone free"}},{"query":{"id":[{"timestamp_usec":"1444548563035000"}],"query_text":"unblock private callers"}},{"query":{"id":[{"timestamp_usec":"1444547543864000"},{"timestamp_usec":"1444547547169000"}],"query_text":"contacts identifier"}},{"query":{"id":[{"timestamp_usec":"1444538762092000"}],"query_text":"edit pictures"}},{"query":{"id":[{"timestamp_usec":"1444467512034001"}],"query_text":"messenger app"}},{"query":{"id":[{"timestamp_usec":"1444408957982000"}],"query_text":"pof"}},{"query":{"id":[{"timestamp_usec":"1444381519224564"}],"query_text":"(Current Location) -> Garfield Ave, South Gate, CA 90280"}},{"query":{"id":[{"timestamp_usec":"1444381513005858"}],"query_text":"Garfield Ave, South Gate, CA 90280"}},{"query":{"id":[{"timestamp_usec":"1444331134056000"}],"query_text":"football games"}},{"query":{"id":[{"timestamp_usec":"1444330762429000"}],"query_text":"running games"}},{"query":{"id":[{"timestamp_usec":"1444329851248000"},{"timestamp_usec":"1444329856895000"}],"query_text":"lock screen apps"}},{"query":{"id":[{"timestamp_usec":"1444262887313000"}],"query_text":"univision"}},{"query":{"id":[{"timestamp_usec":"1444175044476840"}],"query_text":"(Current Location) -> 1111 Mateo Street, Los Angeles, CA"}},{"query":{"id":[{"timestamp_usec":"1444175044395867"}],"query_text":"1111 Mateo St, Los Angeles, CA 90021"}},{"query":{"id":[{"timestamp_usec":"1444162503027092"}],"query_text":"Old River School Road, Downey, CA"}},{"query":{"id":[{"timestamp_usec":"1444154188649382"}],"query_text":"(Current Location) -> Los Angeles County Consumer Services"}},{"query":{"id":[{"timestamp_usec":"1444154044457039"}],"query_text":"consumers affairs"}},{"query":{"id":[{"timestamp_usec":"1444149291504282"}],"query_text":"5161 Triggs St, Commerce, CA 90022"}},{"query":{"id":[{"timestamp_usec":"1444086133546000"},{"timestamp_usec":"1444086138746000"}],"query_text":"photo editor"}},{"query":{"id":[{"timestamp_usec":"1444067947778697"},{"timestamp_usec":"1444067960853846"},{"timestamp_usec":"1444068486067040"}],"query_text":"hawaiian breez lotion from walmart"}},{"query":{"id":[{"timestamp_usec":"1444065890883654"}],"query_text":"Walmart, 11729 Imperial Hwy, Norwalk, CA 90650"}},{"query":{"id":[{"timestamp_usec":"1444065890825944"}],"query_text":"(Current Location) -> Walmart, Imperial Highway, Norwalk, CA"}},{"query":{"id":[{"timestamp_usec":"1444065791633241"},{"timestamp_usec":"1444065839654055"}],"query_text":"walmart near me"}},{"query":{"id":[{"timestamp_usec":"1444053981245816"}],"query_text":"3623 Ramboz Dr, Los Angeles, CA 90063"}},{"query":{"id":[{"timestamp_usec":"1444053981245661"}],"query_text":"(Current Location) -> 3623 Ramboz Drive, Los Angeles, CA"}},{"query":{"id":[{"timestamp_usec":"1444053963864559"}],"query_text":"Palm Ln, Fontana, CA 92335"}},{"query":{"id":[{"timestamp_usec":"1444008912052181"}],"query_text":"legends boardshop"}},{"query":{"id":[{"timestamp_usec":"1443985367249432"}],"query_text":"apply for traffic ticket amnesty"}},{"query":{"id":[{"timestamp_usec":"1443985219696930"}],"query_text":"traffic ticket amnesty"}},{"query":{"id":[{"timestamp_usec":"1443923655949045"}],"query_text":"am"}},{"query":{"id":[{"timestamp_usec":"1443922876891492"}],"query_text":"(Current Location) -> Garfield Ave, South Gate, CA 90280"}},{"query":{"id":[{"timestamp_usec":"1443922871161713"}],"query_text":"Garfield Ave, South Gate, CA 90280"}},{"query":{"id":[{"timestamp_usec":"1443919508230535"}],"query_text":"amazon skateboards"}},{"query":{"id":[{"timestamp_usec":"1443919377235978"}],"query_text":"cheap skateboards near me"}},{"query":{"id":[{"timestamp_usec":"1443919369024355"}],"query_text":"cheap skateboards"}},{"query":{"id":[{"timestamp_usec":"1443857995303049"}],"query_text":"Garfield Avenue, South Gate, CA"}},{"query":{"id":[{"timestamp_usec":"1443857843185219"}],"query_text":"aldaco st downey ca"}},{"query":{"id":[{"timestamp_usec":"1443824422370078"}],"query_text":"craigslist"}},{"query":{"id":[{"timestamp_usec":"1443808107659132"}],"query_text":"cub scouts near me"}},{"query":{"id":[{"timestamp_usec":"1443808069873954"}],"query_text":"cub scouts"}},{"query":{"id":[{"timestamp_usec":"1443775011986224"}],"query_text":"pof login"}},{"query":{"id":[{"timestamp_usec":"1443773107871216"}],"query_text":"craigslist"}},{"query":{"id":[{"timestamp_usec":"1443714940018848"}],"query_text":"(Current Location) -> Sally Beauty Supply"}},{"query":{"id":[{"timestamp_usec":"1443708269816652"}],"query_text":"(Current Location) -> 3623 Ramboz Dr, Los Angeles, CA 90063"}},{"query":{"id":[{"timestamp_usec":"1443708268886194"}],"query_text":"3623 Ramboz Dr, Los Angeles, CA 90063"}},{"query":{"id":[{"timestamp_usec":"1443659237911554"}],"query_text":"(Current Location) -> Jack in the Box"}}]}