{"event":[{"query":{"id":[{"timestamp_usec":"1463362570593977"}],"query_text":"craigslist"}},{"query":{"id":[{"timestamp_usec":"1463334006282311"}],"query_text":"pof login"}},{"query":{"id":[{"timestamp_usec":"1463314034130436"},{"timestamp_usec":"1463314036078687"}],"query_text":"pain and struggle"}},{"query":{"id":[{"timestamp_usec":"1463313907518770"},{"timestamp_usec":"1463313911107778"},{"timestamp_usec":"1463313979409188"},{"timestamp_usec":"1463314021819903"}],"query_text":"if one thing i can tell u pain and struggle"}},{"query":{"id":[{"timestamp_usec":"1463261995955700"}],"query_text":"boys and girls club"}},{"query":{"id":[{"timestamp_usec":"1463254710587921"}],"query_text":"NYSE:SWN"}},{"query":{"id":[{"timestamp_usec":"1463240277532418"}],"query_text":"(Current Location) -> Atlantic Trailer Village, Bell Gardens, CA 90201"}},{"query":{"id":[{"timestamp_usec":"1463239839866694"}],"query_text":"(Current Location) -> 1842 W Commonwealth Ave, Fullerton, CA 92833"}},{"query":{"id":[{"timestamp_usec":"1463239797066778"}],"query_text":"1842 W Commonwealth Ave, Fullerton, CA 92833 -> (Current Location)"}},{"query":{"id":[{"timestamp_usec":"1463238945576536"},{"timestamp_usec":"1463238971017739"}],"query_text":"phone fusion voicemail cancel"}},{"query":{"id":[{"timestamp_usec":"1463238777633681"},{"timestamp_usec":"1463238780314622"},{"timestamp_usec":"1463238781954170"}],"query_text":"phone fusion voicemail"}},{"query":{"id":[{"timestamp_usec":"1463238012885247"}],"query_text":"118. 32866.14"}},{"query":{"id":[{"timestamp_usec":"1463237852909495"}],"query_text":"(Current Location) -> 100 W 1st St, Los Angeles, CA 90012"}},{"query":{"id":[{"timestamp_usec":"1463234957452028"}],"query_text":"voicemail app android"}},{"query":{"id":[{"timestamp_usec":"1463234474674595"}],"query_text":"Confirm"}},{"query":{"id":[{"timestamp_usec":"1463232602746478"}],"query_text":"voicemail app"}},{"query":{"id":[{"timestamp_usec":"1463232445606653"}],"query_text":"call voicemail mobile"}},{"query":{"id":[{"timestamp_usec":"1463228551774340"}],"query_text":"Griffin Avenue, Los Angeles, CA -> 128 N Saratoga St, Los Angeles, CA 90033"}},{"query":{"id":[{"timestamp_usec":"1463228517545764"}],"query_text":"(Current Location) -> 128 N Saratoga St, Los Angeles, CA 90033"}},{"query":{"id":[{"timestamp_usec":"1463228017931509"}],"query_text":"3235357376"}},{"query":{"id":[{"timestamp_usec":"1463226608004035"}],"query_text":"(Current Location) -> Los Angeles, CA"}},{"query":{"id":[{"timestamp_usec":"1463225621028300"}],"query_text":"track voice call"}},{"query":{"id":[{"timestamp_usec":"1463222871030736"},{"timestamp_usec":"1463223038018590"},{"timestamp_usec":"1463223097207296"},{"timestamp_usec":"1463223200448956"}],"query_text":"send voicemail to track phone"}},{"query":{"id":[{"timestamp_usec":"1463222541252552"}],"query_text":"send voice mail to track phone"}},{"query":{"id":[{"timestamp_usec":"1463222009349543"},{"timestamp_usec":"1463222162820722"}],"query_text":"how can i get the imei of another number"}},{"query":{"id":[{"timestamp_usec":"1463220177478947"}],"query_text":"send voice mail to track phone"}},{"query":{"id":[{"timestamp_usec":"1463216435289547"},{"timestamp_usec":"1463216443841904"}],"query_text":"facebook.comjosepaez"}},{"query":{"id":[{"timestamp_usec":"1463216118065152"},{"timestamp_usec":"1463216121513439"},{"timestamp_usec":"1463216158882702"},{"timestamp_usec":"1463216191714512"}],"query_text":"un dia me buscaras"}},{"query":{"id":[{"timestamp_usec":"1463216071034805"}],"query_text":"un dia me buscaras y ya no estare frase"}},{"query":{"id":[{"timestamp_usec":"1463216030395453"},{"timestamp_usec":"1463216033022201"}],"query_text":"un dia me buscaras y ya no estare"}},{"query":{"id":[{"timestamp_usec":"1463215949376331"},{"timestamp_usec":"1463215951456126"}],"query_text":"todo se paga"}},{"query":{"id":[{"timestamp_usec":"1463215817495128"},{"timestamp_usec":"1463215820731779"},{"timestamp_usec":"1463215864723772"},{"timestamp_usec":"1463215902172893"},{"timestamp_usec":"1463215933513419"}],"query_text":"en esta vida ya pague todo"}},{"query":{"id":[{"timestamp_usec":"1463215803921655"}],"query_text":"en esta perra vida ya pague todo"}},{"query":{"id":[{"timestamp_usec":"1463215801354233"}],"query_text":"en esta perra vida ya page todo"}},{"query":{"id":[{"timestamp_usec":"1463215725605679"},{"timestamp_usec":"1463215727743575"},{"timestamp_usec":"1463215779019642"}],"query_text":"cuando menos te lo esperes te chingo"}},{"query":{"id":[{"timestamp_usec":"1463215669717569"},{"timestamp_usec":"1463215670995080"}],"query_text":"cuando menos te lo esperes"}},{"query":{"id":[{"timestamp_usec":"1463215663075430"}],"query_text":"cuando menos te lo esperas"}},{"query":{"id":[{"timestamp_usec":"1463214332388181"},{"timestamp_usec":"1463214334576563"},{"timestamp_usec":"1463214335465558"},{"timestamp_usec":"1463214385325076"},{"timestamp_usec":"1463215644823587"}],"query_text":"ya no sufro mas"}},{"query":{"id":[{"timestamp_usec":"1463214328217156"}],"query_text":"ya no sufro .as"}},{"query":{"id":[{"timestamp_usec":"1463214262183793"},{"timestamp_usec":"1463214265053967"},{"timestamp_usec":"1463214299046669"}],"query_text":"ya es tiempo de que la vida no me chinge mas"}},{"query":{"id":[{"timestamp_usec":"1463214057245622"},{"timestamp_usec":"1463214060220729"},{"timestamp_usec":"1463214213883788"}],"query_text":"entre mas golpes me da la vida"}},{"query":{"id":[{"timestamp_usec":"1463213994915862"},{"timestamp_usec":"1463214003076052"}],"query_text":"la soledad duele mas cuando"}},{"query":{"id":[{"timestamp_usec":"1463213894620839"},{"timestamp_usec":"1463213899938293"},{"timestamp_usec":"1463213975365223"}],"query_text":"la soledad duele poemas"}},{"query":{"id":[{"timestamp_usec":"1463213771803611"},{"timestamp_usec":"1463213784772736"}],"query_text":"creo ya estuvo bueno tanto dolor"}},{"query":{"id":[{"timestamp_usec":"1463157206827421"}],"query_text":"(Current Location) -> 1701 West Cesar E Chavez Avenue, Los Angeles, CA"}},{"query":{"id":[{"timestamp_usec":"1463157145833836"}],"query_text":"1701 W Cesar E Chavez Ave, Los Angeles, CA 90012"}},{"query":{"id":[{"timestamp_usec":"1463157145803951"}],"query_text":"(Current Location) -> 1701 West Cesar E Chavez Avenue, Los Angeles, CA"}},{"query":{"id":[{"timestamp_usec":"1463157128507921"}],"query_text":"1701 W Cesar E Chavez Ave, Los Angeles, CA 90012"}},{"query":{"id":[{"timestamp_usec":"1463089289429000"},{"timestamp_usec":"1463089292245930"}],"query_text":"gracias por tu apoyo"}},{"query":{"id":[{"timestamp_usec":"1463004524940587"},{"timestamp_usec":"1463004566795556"}],"query_text":"vesicula inflamada"}},{"query":{"id":[{"timestamp_usec":"1462909498178842"},{"timestamp_usec":"1462909501359480"},{"timestamp_usec":"1462909594312124"}],"query_text":"vesicula inflamada"}},{"query":{"id":[{"timestamp_usec":"1462902960911706"}],"query_text":"what causes scabies"}},{"query":{"id":[{"timestamp_usec":"1462902925110596"}],"query_text":"baby with scabies"}},{"query":{"id":[{"timestamp_usec":"1462902921921234"}],"query_text":"baby with scabiies"}},{"query":{"id":[{"timestamp_usec":"1462899925195572"},{"timestamp_usec":"1462899929436122"},{"timestamp_usec":"1462900034594975"},{"timestamp_usec":"1462900080823353"}],"query_text":"thank you that means a lot"}},{"query":{"id":[{"timestamp_usec":"1462899892968931"}],"query_text":"thanl"}},{"query":{"id":[{"timestamp_usec":"1462818643003049"},{"timestamp_usec":"1462818646312447"},{"timestamp_usec":"1462818703665619"},{"timestamp_usec":"1462818748334848"}],"query_text":"vesicula cirugia"}},{"query":{"id":[{"timestamp_usec":"1462818241074314"},{"timestamp_usec":"1462818243202563"},{"timestamp_usec":"1462818327329609"}],"query_text":"inflamacion de vesicula"}},{"query":{"id":[{"timestamp_usec":"1462818196501407"}],"query_text":"bilis causa"}},{"query":{"id":[{"timestamp_usec":"1462818098974280"}],"query_text":"causas de vesicula inflamada"}},{"query":{"id":[{"timestamp_usec":"1462817546958320"}],"query_text":"vesicula inflamada rasonea"}},{"query":{"id":[{"timestamp_usec":"1462816636283658"}],"query_text":"ez drive auto"}},{"query":{"id":[{"timestamp_usec":"1462760139112925"}],"query_text":"thank you brother"}},{"query":{"id":[{"timestamp_usec":"1462691101293654"},{"timestamp_usec":"1462691119741465"},{"timestamp_usec":"1462691183850122"}],"query_text":"from sister to brother"}},{"query":{"id":[{"timestamp_usec":"1462690696625104"},{"timestamp_usec":"1462690701433164"},{"timestamp_usec":"1462690836798284"},{"timestamp_usec":"1462690892629687"},{"timestamp_usec":"1462691007581279"}],"query_text":"i care for you brother"}},{"query":{"id":[{"timestamp_usec":"1462689951507347"},{"timestamp_usec":"1462689956563377"},{"timestamp_usec":"1462690300408763"},{"timestamp_usec":"1462690449902698"},{"timestamp_usec":"1462690536883148"}],"query_text":"brother even tho we never talk i love you"}},{"query":{"id":[{"timestamp_usec":"1462658084056594"}],"query_text":"jose paez email 3235357376"}},{"query":{"id":[{"timestamp_usec":"1462658036116754"}],"query_text":"jose paez email"}},{"query":{"id":[{"timestamp_usec":"1462655133339158"},{"timestamp_usec":"1462655511885501"},{"timestamp_usec":"1462655625164961"}],"query_text":"friend's email address"}},{"query":{"id":[{"timestamp_usec":"1462655100436521"}],"query_text":"how to get my friends email"}},{"query":{"id":[{"timestamp_usec":"1462649307456852"}],"query_text":"8°14'37.3\"W\n34°03'08.0\"N 118°14'37.3\"W\nSave\nJose Paez\nJosePaez691@gmail.com\nSwitch Accounts\nTraffic\nTransit\nBicycling\nSatellite\nSettings\nHelp\nMy Maps"}},{"query":{"id":[{"timestamp_usec":"1462635657124097"},{"timestamp_usec":"1462635753844680"},{"timestamp_usec":"1462635803349039"},{"timestamp_usec":"1462635830463411"}],"query_text":"old phone contacts"}},{"query":{"id":[{"timestamp_usec":"1462635504366289"},{"timestamp_usec":"1462635579399727"},{"timestamp_usec":"1462635608793438"}],"query_text":"find my friends access contacts"}},{"query":{"id":[{"timestamp_usec":"1462635469313667"}],"query_text":"find my friends contacts"}},{"query":{"id":[{"timestamp_usec":"1462635376390249"},{"timestamp_usec":"1462635402815719"},{"timestamp_usec":"1462635446675542"}],"query_text":"friends contacts to my phone"}},{"query":{"id":[{"timestamp_usec":"1462635225794207"},{"timestamp_usec":"1462635256471465"},{"timestamp_usec":"1462635304031751"},{"timestamp_usec":"1462635336389551"}],"query_text":"copy friends contacts"}},{"query":{"id":[{"timestamp_usec":"1462630363125720"}],"query_text":"3233388493"}},{"query":{"id":[{"timestamp_usec":"1462630343291803"}],"query_text":"1842 W Commonwealth Ave, Fullerton, CA 92833 -> (Current Location)"}},{"query":{"id":[{"timestamp_usec":"1462601816136376"}],"query_text":"captain america movie duration"}},{"query":{"id":[{"timestamp_usec":"1462563637735911"}],"query_text":"chase bank near me"}},{"query":{"id":[{"timestamp_usec":"1462547385645658"}],"query_text":"describe"}},{"query":{"id":[{"timestamp_usec":"1462533710504972"}],"query_text":"platform photography"}},{"query":{"id":[{"timestamp_usec":"1462533696546691"}],"query_text":"photo platform"}},{"query":{"id":[{"timestamp_usec":"1462533494363716"}],"query_text":"easy backup contacts log"}},{"query":{"id":[{"timestamp_usec":"1462533475943924"}],"query_text":"easy backup contacts"}},{"query":{"id":[{"timestamp_usec":"1462496654986049"}],"query_text":"(Current Location) -> 6110 Valley View St, Buena Park, CA 90620"}},{"query":{"id":[{"timestamp_usec":"1462462256310892"}],"query_text":"(Current Location) -> 34.052222,-118.243694"}},{"query":{"id":[{"timestamp_usec":"1462462128885561"},{"timestamp_usec":"1462462248425963"}],"query_text":"(Current Location) -> 100 W 1st St, Los Angeles, CA 90012"}},{"query":{"id":[{"timestamp_usec":"1462461888642966"}],"query_text":"34.036805, -118.212771"}},{"query":{"id":[{"timestamp_usec":"1462225302249751"}],"query_text":"(Current Location) -> Dial800, West Pico Boulevard, Los Angeles, CA"}},{"query":{"id":[{"timestamp_usec":"1462225157321495"}],"query_text":"(Current Location) -> 100 W 1st St, Los Angeles, CA 90012"}},{"query":{"id":[{"timestamp_usec":"1462225131448828"}],"query_text":"Pico Women's Medical Group, 6091 W Pico Blvd, Los Angeles, CA 90035"}},{"query":{"id":[{"timestamp_usec":"1461457189419802"}],"query_text":"pof login"}},{"query":{"id":[{"timestamp_usec":"1461439283501304"}],"query_text":"roosevelt pool"}},{"query":{"id":[{"timestamp_usec":"1461356188280028"}],"query_text":"lesbian mastur"}},{"query":{"id":[{"timestamp_usec":"1461355898781627"}],"query_text":"lesbian masterbating"}},{"query":{"id":[{"timestamp_usec":"1461355846938986"}],"query_text":"pof login"}},{"query":{"id":[{"timestamp_usec":"1461258074284424"}],"query_text":"department of social services"}},{"query":{"id":[{"timestamp_usec":"1461257984303349"}],"query_text":"social services office 800"}},{"query":{"id":[{"timestamp_usec":"1461257963221009"}],"query_text":"social services office"}},{"query":{"id":[{"timestamp_usec":"1461246043857322"}],"query_text":"lesbian porn videos"}},{"query":{"id":[{"timestamp_usec":"1461243309765532"}],"query_text":"pof"}},{"query":{"id":[{"timestamp_usec":"1461228374202399"}],"query_text":"facebook desktop"}},{"query":{"id":[{"timestamp_usec":"1461228361730018"}],"query_text":"facebook israel sanchez"}},{"query":{"id":[{"timestamp_usec":"1460946485425920"},{"timestamp_usec":"1460946850879371"}],"query_text":"facebook desktop"}},{"query":{"id":[{"timestamp_usec":"1460945585427015"}],"query_text":"pof"}},{"query":{"id":[{"timestamp_usec":"1460941991548717"}],"query_text":"create a gmail account"}},{"query":{"id":[{"timestamp_usec":"1460939873498665"}],"query_text":"facebook desktop"}},{"query":{"id":[{"timestamp_usec":"1460930895061669"},{"timestamp_usec":"1460930900452042"},{"timestamp_usec":"1460930978103347"}],"query_text":"facebook desktop"}},{"query":{"id":[{"timestamp_usec":"1460917677171928"},{"timestamp_usec":"1460917751477728"}],"query_text":"facebook desktop"}},{"query":{"id":[{"timestamp_usec":"1460903896332707"},{"timestamp_usec":"1460904730466924"}],"query_text":"facebook desktop"}},{"query":{"id":[{"timestamp_usec":"1460876076364120"}],"query_text":"you"}},{"query":{"id":[{"timestamp_usec":"1460856067030469"},{"timestamp_usec":"1460856070621503"},{"timestamp_usec":"1460856107339814"}],"query_text":"alcabos que ni queria"}},{"query":{"id":[{"timestamp_usec":"1460834548971947"}],"query_text":"pof"}},{"query":{"id":[{"timestamp_usec":"1460813495029702"},{"timestamp_usec":"1460813517137314"},{"timestamp_usec":"1460813546196452"},{"timestamp_usec":"1460813546204370"}],"query_text":"facebook desktop"}}]}