{"event":[{"query":{"id":[{"timestamp_usec":"1454209276728009"},{"timestamp_usec":"1454209281286091"}],"query_text":"418 West Cedar Street, Compton, CA -> 1111 Mateo Street, Los Angeles, CA"}},{"query":{"id":[{"timestamp_usec":"1454209200628786"}],"query_text":"(Current Location) -> 1111 Mateo Street, Los Angeles, CA"}},{"query":{"id":[{"timestamp_usec":"1454209200448012"}],"query_text":"1111 Mateo St, Los Angeles, CA 90021"}},{"query":{"id":[{"timestamp_usec":"1453326237993391"}],"query_text":"(Current Location) -> Baron HR"}},{"query":{"id":[{"timestamp_usec":"1453249461070675"},{"timestamp_usec":"1453249503185915"},{"timestamp_usec":"1453249577655743"},{"timestamp_usec":"1453250048801087"}],"query_text":"gta 4 cheats xbox 360"}},{"query":{"id":[{"timestamp_usec":"1453249451879564"}],"query_text":"gta4 cheats xbox 360"}},{"query":{"id":[{"timestamp_usec":"1453249398250917"},{"timestamp_usec":"1453249402613836"},{"timestamp_usec":"1453249418203266"}],"query_text":"gta 4 cheats xbox 360"}},{"query":{"id":[{"timestamp_usec":"1453235712546493"}],"query_text":"weather"}},{"query":{"id":[{"timestamp_usec":"1453038046502515"}],"query_text":"(Current Location) -> 4000 Firestone Blvd, South Gate, CA 90280"}},{"query":{"id":[{"timestamp_usec":"1452970441626040"}],"query_text":"2637 N Griffin Ave, Los Angeles, CA 90031"}},{"query":{"id":[{"timestamp_usec":"1452970441607375"}],"query_text":"(Current Location) -> 2637 Griffin Avenue, Los Angeles, CA"}},{"query":{"id":[{"timestamp_usec":"1452970425021552"}],"query_text":"griffin park"}},{"query":{"id":[{"timestamp_usec":"1452895684956362"}],"query_text":"(Current Location) -> WIC Paramount, 16260 Paramount Blvd, Paramount, CA 90723"}},{"query":{"id":[{"timestamp_usec":"1452895677231431"}],"query_text":"wic near me"}},{"query":{"id":[{"timestamp_usec":"1452894793409990"},{"timestamp_usec":"1452894809168766"},{"timestamp_usec":"1452895580240432"}],"query_text":"(Current Location) -> 13926 San Antonio Dr, Norwalk, CA"}},{"query":{"id":[{"timestamp_usec":"1452894793401581"}],"query_text":"13926 San Antonio Dr, Norwalk, CA 90650"}},{"query":{"id":[{"timestamp_usec":"1452894625092197"}],"query_text":"wic"}},{"query":{"id":[{"timestamp_usec":"1452537990169409"}],"query_text":"2401 International Lane Madison, WI 53704"}},{"query":{"id":[{"timestamp_usec":"1451947890763331"},{"timestamp_usec":"1451947936945348"},{"timestamp_usec":"1451947940488273"},{"timestamp_usec":"1451947989150961"}],"query_text":"xbox one"}},{"query":{"id":[{"timestamp_usec":"1451947855512451"}],"query_text":"google"}},{"query":{"id":[{"timestamp_usec":"1451779264758959"}],"query_text":"(Current Location) -> 11527 Adco Ave, Downey, CA"}},{"query":{"id":[{"timestamp_usec":"1451777422325548"},{"timestamp_usec":"1451777429280011"}],"query_text":"(Current Location) -> 11527 Adco Ave, Downey, CA"}},{"query":{"id":[{"timestamp_usec":"1451777422320635"}],"query_text":"11527 Adco Ave, Downey, CA 90241"}},{"query":{"id":[{"timestamp_usec":"1451773701364207"},{"timestamp_usec":"1451773701365095"}],"query_text":"(Current Location) -> 11527 Adco Ave, Downey, CA"}},{"query":{"id":[{"timestamp_usec":"1451773687640703"}],"query_text":"11527 Adco Ave, Downey, CA 90241"}},{"query":{"id":[{"timestamp_usec":"1451611000337324"}],"query_text":"33.952521, -118.184261"}}]}